<?xml version="1.0" encoding="UTF-8" standalone="yes"?>
<gpx version="1.1" creator="outdooractive - http://www.outdooractive.com" xmlns="http://www.topografix.com/GPX/1/1" xmlns:oa="http://www.outdooractive.com/GPX/Extensions/1" xmlns:xsi="http://www.w3.org/2001/XMLSchema-instance" xsi:schemaLocation="http://www.topografix.com/GPX/1/1 http://www.topografix.com/GPX/1/1/gpx.xsd http://www.outdooractive.com/GPX/Extensions/1 https://www.outdooractive.com/schema/gpx_extensions.xsd">
  <metadata>
    <name>Allgäu Panorama Marathon - Marathon</name>
    <author>
      <name>Axel Reusch - AR Events</name>
    </author>
    <link href="https://www.outdooractive.com/r/105651617"/>
    <time>2026-06-29T09:51:03.380Z</time>
    <extensions>
      <oa:oaCategory>trailRunning</oa:oaCategory>
    </extensions>
  </metadata>
  <trk>
    <name>Allgäu Panorama Marathon - Marathon</name>
    <desc>Wettkampfstrecke des Allgäu Panorama Marathons. Marathon Distanz.</desc>
    <type>trailRunning</type>
    <trkseg>
      <trkpt lat="47.510956" lon="10.275151">
        <ele>739.7</ele>
      </trkpt>
      <trkpt lat="47.511072" lon="10.274707">
        <ele>739.6</ele>
      </trkpt>
      <trkpt lat="47.511085" lon="10.274625">
        <ele>739.6</ele>
      </trkpt>
      <trkpt lat="47.511135" lon="10.274259">
        <ele>739.4</ele>
      </trkpt>
      <trkpt lat="47.511189" lon="10.273738">
        <ele>739.3</ele>
      </trkpt>
      <trkpt lat="47.5112" lon="10.273342">
        <ele>739.1</ele>
      </trkpt>
      <trkpt lat="47.511211" lon="10.272947">
        <ele>739.0</ele>
      </trkpt>
      <trkpt lat="47.511227" lon="10.272636">
        <ele>738.8</ele>
      </trkpt>
      <trkpt lat="47.511239" lon="10.272394">
        <ele>738.8</ele>
      </trkpt>
      <trkpt lat="47.511245" lon="10.272277">
        <ele>738.7</ele>
      </trkpt>
      <trkpt lat="47.511251" lon="10.272143">
        <ele>738.6</ele>
      </trkpt>
      <trkpt lat="47.51127" lon="10.271914">
        <ele>738.4</ele>
      </trkpt>
      <trkpt lat="47.511299" lon="10.271577">
        <ele>738.3</ele>
      </trkpt>
      <trkpt lat="47.511307" lon="10.271488">
        <ele>738.2</ele>
      </trkpt>
      <trkpt lat="47.51133" lon="10.27129">
        <ele>737.7</ele>
      </trkpt>
      <trkpt lat="47.511338" lon="10.271236">
        <ele>737.6</ele>
      </trkpt>
      <trkpt lat="47.511406" lon="10.270777">
        <ele>737.2</ele>
      </trkpt>
      <trkpt lat="47.511408" lon="10.270763">
        <ele>737.2</ele>
      </trkpt>
      <trkpt lat="47.511458" lon="10.270496">
        <ele>737.2</ele>
      </trkpt>
      <trkpt lat="47.51134" lon="10.270417">
        <ele>737.3</ele>
      </trkpt>
      <trkpt lat="47.51128" lon="10.270389">
        <ele>737.4</ele>
      </trkpt>
      <trkpt lat="47.511249" lon="10.269984">
        <ele>737.6</ele>
      </trkpt>
      <trkpt lat="47.511248" lon="10.269973">
        <ele>737.6</ele>
      </trkpt>
      <trkpt lat="47.511217" lon="10.269556">
        <ele>737.9</ele>
      </trkpt>
      <trkpt lat="47.511232" lon="10.269359">
        <ele>737.7</ele>
      </trkpt>
      <trkpt lat="47.511257" lon="10.268948">
        <ele>737.3</ele>
      </trkpt>
      <trkpt lat="47.511246" lon="10.268891">
        <ele>736.8</ele>
      </trkpt>
      <trkpt lat="47.511216" lon="10.268736">
        <ele>733.9</ele>
      </trkpt>
      <trkpt lat="47.511157" lon="10.268429">
        <ele>734.0</ele>
      </trkpt>
      <trkpt lat="47.511139" lon="10.268341">
        <ele>734.1</ele>
      </trkpt>
      <trkpt lat="47.511135" lon="10.268315">
        <ele>734.9</ele>
      </trkpt>
      <trkpt lat="47.511128" lon="10.268279">
        <ele>736.2</ele>
      </trkpt>
      <trkpt lat="47.511241" lon="10.268271">
        <ele>734.6</ele>
      </trkpt>
      <trkpt lat="47.511351" lon="10.268227">
        <ele>734.2</ele>
      </trkpt>
      <trkpt lat="47.511673" lon="10.268066">
        <ele>735.0</ele>
      </trkpt>
      <trkpt lat="47.511951" lon="10.26797">
        <ele>734.6</ele>
      </trkpt>
      <trkpt lat="47.51223" lon="10.267874">
        <ele>734.3</ele>
      </trkpt>
      <trkpt lat="47.512527" lon="10.267758">
        <ele>734.3</ele>
      </trkpt>
      <trkpt lat="47.512825" lon="10.267642">
        <ele>733.7</ele>
      </trkpt>
      <trkpt lat="47.512833" lon="10.267641">
        <ele>733.7</ele>
      </trkpt>
      <trkpt lat="47.512856" lon="10.26763">
        <ele>733.7</ele>
      </trkpt>
      <trkpt lat="47.512864" lon="10.267624">
        <ele>733.7</ele>
      </trkpt>
      <trkpt lat="47.513152" lon="10.267473">
        <ele>733.6</ele>
      </trkpt>
      <trkpt lat="47.513335" lon="10.26735">
        <ele>733.6</ele>
      </trkpt>
      <trkpt lat="47.513372" lon="10.267318">
        <ele>733.5</ele>
      </trkpt>
      <trkpt lat="47.513587" lon="10.267135">
        <ele>733.1</ele>
      </trkpt>
      <trkpt lat="47.51361" lon="10.267103">
        <ele>733.1</ele>
      </trkpt>
      <trkpt lat="47.513627" lon="10.267065">
        <ele>733.2</ele>
      </trkpt>
      <trkpt lat="47.513638" lon="10.267022">
        <ele>733.4</ele>
      </trkpt>
      <trkpt lat="47.513644" lon="10.266948">
        <ele>733.8</ele>
      </trkpt>
      <trkpt lat="47.513795" lon="10.266696">
        <ele>735.2</ele>
      </trkpt>
      <trkpt lat="47.513945" lon="10.266445">
        <ele>735.9</ele>
      </trkpt>
      <trkpt lat="47.514151" lon="10.26603">
        <ele>732.9</ele>
      </trkpt>
      <trkpt lat="47.514206" lon="10.265915">
        <ele>732.7</ele>
      </trkpt>
      <trkpt lat="47.514363" lon="10.265556">
        <ele>732.6</ele>
      </trkpt>
      <trkpt lat="47.514521" lon="10.265181">
        <ele>733.6</ele>
      </trkpt>
      <trkpt lat="47.514652" lon="10.264912">
        <ele>734.6</ele>
      </trkpt>
      <trkpt lat="47.514756" lon="10.264715">
        <ele>734.8</ele>
      </trkpt>
      <trkpt lat="47.514843" lon="10.264573">
        <ele>734.0</ele>
      </trkpt>
      <trkpt lat="47.514922" lon="10.264461">
        <ele>732.9</ele>
      </trkpt>
      <trkpt lat="47.514994" lon="10.264335">
        <ele>734.4</ele>
      </trkpt>
      <trkpt lat="47.514998" lon="10.264255">
        <ele>735.4</ele>
      </trkpt>
      <trkpt lat="47.515027" lon="10.264245">
        <ele>735.0</ele>
      </trkpt>
      <trkpt lat="47.515075" lon="10.264193">
        <ele>734.8</ele>
      </trkpt>
      <trkpt lat="47.515115" lon="10.264159">
        <ele>734.8</ele>
      </trkpt>
      <trkpt lat="47.515195" lon="10.264109">
        <ele>734.3</ele>
      </trkpt>
      <trkpt lat="47.515432" lon="10.26395">
        <ele>733.8</ele>
      </trkpt>
      <trkpt lat="47.515484" lon="10.263904">
        <ele>733.7</ele>
      </trkpt>
      <trkpt lat="47.515659" lon="10.263749">
        <ele>733.3</ele>
      </trkpt>
      <trkpt lat="47.515616" lon="10.263286">
        <ele>734.0</ele>
      </trkpt>
      <trkpt lat="47.515587" lon="10.262705">
        <ele>734.3</ele>
      </trkpt>
      <trkpt lat="47.515601" lon="10.262342">
        <ele>733.8</ele>
      </trkpt>
      <trkpt lat="47.515635" lon="10.262106">
        <ele>732.6</ele>
      </trkpt>
      <trkpt lat="47.515692" lon="10.26191">
        <ele>733.2</ele>
      </trkpt>
      <trkpt lat="47.515716" lon="10.261864">
        <ele>733.4</ele>
      </trkpt>
      <trkpt lat="47.515759" lon="10.261782">
        <ele>733.7</ele>
      </trkpt>
      <trkpt lat="47.51578" lon="10.261741">
        <ele>733.9</ele>
      </trkpt>
      <trkpt lat="47.515887" lon="10.261604">
        <ele>734.0</ele>
      </trkpt>
      <trkpt lat="47.516239" lon="10.26129">
        <ele>734.1</ele>
      </trkpt>
      <trkpt lat="47.516587" lon="10.261083">
        <ele>733.3</ele>
      </trkpt>
      <trkpt lat="47.516935" lon="10.260877">
        <ele>733.1</ele>
      </trkpt>
      <trkpt lat="47.517283" lon="10.26067">
        <ele>732.6</ele>
      </trkpt>
      <trkpt lat="47.517396" lon="10.260594">
        <ele>732.6</ele>
      </trkpt>
      <trkpt lat="47.517535" lon="10.260472">
        <ele>732.7</ele>
      </trkpt>
      <trkpt lat="47.51762" lon="10.260397">
        <ele>732.8</ele>
      </trkpt>
      <trkpt lat="47.517783" lon="10.260201">
        <ele>732.9</ele>
      </trkpt>
      <trkpt lat="47.51784" lon="10.260089">
        <ele>733.0</ele>
      </trkpt>
      <trkpt lat="47.517958" lon="10.259861">
        <ele>732.8</ele>
      </trkpt>
      <trkpt lat="47.518029" lon="10.259719">
        <ele>732.7</ele>
      </trkpt>
      <trkpt lat="47.518078" lon="10.25961">
        <ele>732.6</ele>
      </trkpt>
      <trkpt lat="47.518165" lon="10.25939">
        <ele>732.2</ele>
      </trkpt>
      <trkpt lat="47.518288" lon="10.259066">
        <ele>731.5</ele>
      </trkpt>
      <trkpt lat="47.51834" lon="10.25893">
        <ele>731.4</ele>
      </trkpt>
      <trkpt lat="47.518411" lon="10.258743">
        <ele>731.2</ele>
      </trkpt>
      <trkpt lat="47.518622" lon="10.258203">
        <ele>733.6</ele>
      </trkpt>
      <trkpt lat="47.518659" lon="10.258095">
        <ele>734.0</ele>
      </trkpt>
      <trkpt lat="47.518765" lon="10.257843">
        <ele>734.4</ele>
      </trkpt>
      <trkpt lat="47.518824" lon="10.25767">
        <ele>734.4</ele>
      </trkpt>
      <trkpt lat="47.51886" lon="10.257539">
        <ele>734.5</ele>
      </trkpt>
      <trkpt lat="47.518875" lon="10.257443">
        <ele>734.6</ele>
      </trkpt>
      <trkpt lat="47.518908" lon="10.257282">
        <ele>735.0</ele>
      </trkpt>
      <trkpt lat="47.518924" lon="10.257181">
        <ele>735.2</ele>
      </trkpt>
      <trkpt lat="47.518935" lon="10.25712">
        <ele>735.4</ele>
      </trkpt>
      <trkpt lat="47.518957" lon="10.257016">
        <ele>735.7</ele>
      </trkpt>
      <trkpt lat="47.518975" lon="10.256916">
        <ele>736.0</ele>
      </trkpt>
      <trkpt lat="47.519011" lon="10.256625">
        <ele>737.3</ele>
      </trkpt>
      <trkpt lat="47.519033" lon="10.256627">
        <ele>737.3</ele>
      </trkpt>
      <trkpt lat="47.519244" lon="10.256646">
        <ele>736.7</ele>
      </trkpt>
      <trkpt lat="47.519419" lon="10.256647">
        <ele>735.9</ele>
      </trkpt>
      <trkpt lat="47.519672" lon="10.256638">
        <ele>735.3</ele>
      </trkpt>
      <trkpt lat="47.519822" lon="10.256637">
        <ele>735.2</ele>
      </trkpt>
      <trkpt lat="47.519954" lon="10.256642">
        <ele>735.5</ele>
      </trkpt>
      <trkpt lat="47.520116" lon="10.256663">
        <ele>736.3</ele>
      </trkpt>
      <trkpt lat="47.520228" lon="10.25669">
        <ele>737.0</ele>
      </trkpt>
      <trkpt lat="47.520412" lon="10.256742">
        <ele>737.7</ele>
      </trkpt>
      <trkpt lat="47.520141" lon="10.256371">
        <ele>738.7</ele>
      </trkpt>
      <trkpt lat="47.520107" lon="10.256325">
        <ele>738.8</ele>
      </trkpt>
      <trkpt lat="47.519914" lon="10.256053">
        <ele>739.9</ele>
      </trkpt>
      <trkpt lat="47.51972" lon="10.25578">
        <ele>740.5</ele>
      </trkpt>
      <trkpt lat="47.519512" lon="10.25547">
        <ele>741.0</ele>
      </trkpt>
      <trkpt lat="47.519188" lon="10.255024">
        <ele>743.7</ele>
      </trkpt>
      <trkpt lat="47.518957" lon="10.254639">
        <ele>747.4</ele>
      </trkpt>
      <trkpt lat="47.518878" lon="10.254553">
        <ele>748.1</ele>
      </trkpt>
      <trkpt lat="47.51882" lon="10.254501">
        <ele>748.6</ele>
      </trkpt>
      <trkpt lat="47.518717" lon="10.254437">
        <ele>748.8</ele>
      </trkpt>
      <trkpt lat="47.518702" lon="10.254428">
        <ele>748.8</ele>
      </trkpt>
      <trkpt lat="47.518541" lon="10.254391">
        <ele>748.3</ele>
      </trkpt>
      <trkpt lat="47.518277" lon="10.254385">
        <ele>748.8</ele>
      </trkpt>
      <trkpt lat="47.51815" lon="10.254344">
        <ele>750.0</ele>
      </trkpt>
      <trkpt lat="47.518063" lon="10.254289">
        <ele>750.9</ele>
      </trkpt>
      <trkpt lat="47.518002" lon="10.254235">
        <ele>751.5</ele>
      </trkpt>
      <trkpt lat="47.517956" lon="10.254168">
        <ele>752.1</ele>
      </trkpt>
      <trkpt lat="47.517947" lon="10.254156">
        <ele>752.2</ele>
      </trkpt>
      <trkpt lat="47.517909" lon="10.254065">
        <ele>753.2</ele>
      </trkpt>
      <trkpt lat="47.517889" lon="10.253987">
        <ele>754.1</ele>
      </trkpt>
      <trkpt lat="47.517891" lon="10.253932">
        <ele>754.9</ele>
      </trkpt>
      <trkpt lat="47.517895" lon="10.253911">
        <ele>755.2</ele>
      </trkpt>
      <trkpt lat="47.517974" lon="10.2537">
        <ele>758.8</ele>
      </trkpt>
      <trkpt lat="47.518085" lon="10.253358">
        <ele>765.4</ele>
      </trkpt>
      <trkpt lat="47.518125" lon="10.253229">
        <ele>768.5</ele>
      </trkpt>
      <trkpt lat="47.518129" lon="10.253077">
        <ele>771.9</ele>
      </trkpt>
      <trkpt lat="47.518104" lon="10.252914">
        <ele>775.0</ele>
      </trkpt>
      <trkpt lat="47.518059" lon="10.252754">
        <ele>777.5</ele>
      </trkpt>
      <trkpt lat="47.517872" lon="10.252346">
        <ele>781.4</ele>
      </trkpt>
      <trkpt lat="47.517866" lon="10.252336">
        <ele>781.5</ele>
      </trkpt>
      <trkpt lat="47.517817" lon="10.252203">
        <ele>782.0</ele>
      </trkpt>
      <trkpt lat="47.51779" lon="10.252059">
        <ele>782.9</ele>
      </trkpt>
      <trkpt lat="47.517784" lon="10.251972">
        <ele>783.5</ele>
      </trkpt>
      <trkpt lat="47.517783" lon="10.251968">
        <ele>783.5</ele>
      </trkpt>
      <trkpt lat="47.517784" lon="10.251894">
        <ele>784.1</ele>
      </trkpt>
      <trkpt lat="47.517802" lon="10.251787">
        <ele>784.9</ele>
      </trkpt>
      <trkpt lat="47.517848" lon="10.251625">
        <ele>786.1</ele>
      </trkpt>
      <trkpt lat="47.517796" lon="10.251516">
        <ele>786.2</ele>
      </trkpt>
      <trkpt lat="47.517665" lon="10.251219">
        <ele>787.1</ele>
      </trkpt>
      <trkpt lat="47.517504" lon="10.250853">
        <ele>788.6</ele>
      </trkpt>
      <trkpt lat="47.517414" lon="10.250673">
        <ele>789.1</ele>
      </trkpt>
      <trkpt lat="47.517244" lon="10.25037">
        <ele>790.2</ele>
      </trkpt>
      <trkpt lat="47.517186" lon="10.250268">
        <ele>790.5</ele>
      </trkpt>
      <trkpt lat="47.517127" lon="10.250145">
        <ele>790.8</ele>
      </trkpt>
      <trkpt lat="47.517049" lon="10.249995">
        <ele>790.8</ele>
      </trkpt>
      <trkpt lat="47.516988" lon="10.249774">
        <ele>791.1</ele>
      </trkpt>
      <trkpt lat="47.516961" lon="10.249692">
        <ele>791.4</ele>
      </trkpt>
      <trkpt lat="47.516882" lon="10.249469">
        <ele>792.1</ele>
      </trkpt>
      <trkpt lat="47.516785" lon="10.249261">
        <ele>793.8</ele>
      </trkpt>
      <trkpt lat="47.51668" lon="10.249118">
        <ele>795.2</ele>
      </trkpt>
      <trkpt lat="47.516554" lon="10.249025">
        <ele>796.6</ele>
      </trkpt>
      <trkpt lat="47.516208" lon="10.248858">
        <ele>799.5</ele>
      </trkpt>
      <trkpt lat="47.516073" lon="10.248763">
        <ele>799.8</ele>
      </trkpt>
      <trkpt lat="47.51592" lon="10.248615">
        <ele>799.8</ele>
      </trkpt>
      <trkpt lat="47.51558" lon="10.248246">
        <ele>800.2</ele>
      </trkpt>
      <trkpt lat="47.515268" lon="10.247974">
        <ele>801.2</ele>
      </trkpt>
      <trkpt lat="47.515013" lon="10.247757">
        <ele>801.7</ele>
      </trkpt>
      <trkpt lat="47.514992" lon="10.247739">
        <ele>801.8</ele>
      </trkpt>
      <trkpt lat="47.514661" lon="10.247449">
        <ele>801.3</ele>
      </trkpt>
      <trkpt lat="47.514468" lon="10.247318">
        <ele>801.2</ele>
      </trkpt>
      <trkpt lat="47.514288" lon="10.247232">
        <ele>801.6</ele>
      </trkpt>
      <trkpt lat="47.51405" lon="10.247135">
        <ele>802.9</ele>
      </trkpt>
      <trkpt lat="47.513812" lon="10.247039">
        <ele>803.7</ele>
      </trkpt>
      <trkpt lat="47.513676" lon="10.246964">
        <ele>804.0</ele>
      </trkpt>
      <trkpt lat="47.513541" lon="10.246876">
        <ele>804.1</ele>
      </trkpt>
      <trkpt lat="47.51335" lon="10.246752">
        <ele>803.9</ele>
      </trkpt>
      <trkpt lat="47.513069" lon="10.246623">
        <ele>802.6</ele>
      </trkpt>
      <trkpt lat="47.512957" lon="10.246565">
        <ele>802.1</ele>
      </trkpt>
      <trkpt lat="47.512835" lon="10.24642">
        <ele>802.0</ele>
      </trkpt>
      <trkpt lat="47.512909" lon="10.246218">
        <ele>803.5</ele>
      </trkpt>
      <trkpt lat="47.51295" lon="10.246077">
        <ele>804.3</ele>
      </trkpt>
      <trkpt lat="47.512967" lon="10.245954">
        <ele>804.8</ele>
      </trkpt>
      <trkpt lat="47.51297" lon="10.245935">
        <ele>804.9</ele>
      </trkpt>
      <trkpt lat="47.513006" lon="10.24565">
        <ele>805.5</ele>
      </trkpt>
      <trkpt lat="47.513082" lon="10.245362">
        <ele>805.9</ele>
      </trkpt>
      <trkpt lat="47.513135" lon="10.245209">
        <ele>805.8</ele>
      </trkpt>
      <trkpt lat="47.513205" lon="10.245083">
        <ele>805.8</ele>
      </trkpt>
      <trkpt lat="47.513293" lon="10.244998">
        <ele>805.9</ele>
      </trkpt>
      <trkpt lat="47.513474" lon="10.244825">
        <ele>806.3</ele>
      </trkpt>
      <trkpt lat="47.513622" lon="10.244642">
        <ele>806.6</ele>
      </trkpt>
      <trkpt lat="47.513733" lon="10.244474">
        <ele>807.4</ele>
      </trkpt>
      <trkpt lat="47.513857" lon="10.244279">
        <ele>808.2</ele>
      </trkpt>
      <trkpt lat="47.513915" lon="10.244162">
        <ele>808.6</ele>
      </trkpt>
      <trkpt lat="47.513979" lon="10.243925">
        <ele>809.8</ele>
      </trkpt>
      <trkpt lat="47.514039" lon="10.243473">
        <ele>813.2</ele>
      </trkpt>
      <trkpt lat="47.51409" lon="10.243231">
        <ele>815.8</ele>
      </trkpt>
      <trkpt lat="47.514181" lon="10.242984">
        <ele>819.5</ele>
      </trkpt>
      <trkpt lat="47.51429" lon="10.24269">
        <ele>824.0</ele>
      </trkpt>
      <trkpt lat="47.51434" lon="10.242585">
        <ele>825.5</ele>
      </trkpt>
      <trkpt lat="47.514395" lon="10.242507">
        <ele>826.9</ele>
      </trkpt>
      <trkpt lat="47.514468" lon="10.242453">
        <ele>828.2</ele>
      </trkpt>
      <trkpt lat="47.514552" lon="10.242445">
        <ele>829.5</ele>
      </trkpt>
      <trkpt lat="47.514765" lon="10.242502">
        <ele>832.3</ele>
      </trkpt>
      <trkpt lat="47.514886" lon="10.242499">
        <ele>833.7</ele>
      </trkpt>
      <trkpt lat="47.514974" lon="10.24247">
        <ele>835.1</ele>
      </trkpt>
      <trkpt lat="47.515033" lon="10.242434">
        <ele>836.3</ele>
      </trkpt>
      <trkpt lat="47.515086" lon="10.242374">
        <ele>837.9</ele>
      </trkpt>
      <trkpt lat="47.515117" lon="10.242307">
        <ele>839.5</ele>
      </trkpt>
      <trkpt lat="47.515126" lon="10.242198">
        <ele>841.9</ele>
      </trkpt>
      <trkpt lat="47.515113" lon="10.242069">
        <ele>844.8</ele>
      </trkpt>
      <trkpt lat="47.515065" lon="10.241913">
        <ele>848.2</ele>
      </trkpt>
      <trkpt lat="47.515096" lon="10.241884">
        <ele>849.1</ele>
      </trkpt>
      <trkpt lat="47.515132" lon="10.24185">
        <ele>850.2</ele>
      </trkpt>
      <trkpt lat="47.515205" lon="10.241814">
        <ele>851.5</ele>
      </trkpt>
      <trkpt lat="47.515294" lon="10.241791">
        <ele>852.7</ele>
      </trkpt>
      <trkpt lat="47.515551" lon="10.241784">
        <ele>855.6</ele>
      </trkpt>
      <trkpt lat="47.515657" lon="10.241776">
        <ele>857.3</ele>
      </trkpt>
      <trkpt lat="47.515722" lon="10.24176">
        <ele>858.7</ele>
      </trkpt>
      <trkpt lat="47.51583" lon="10.241715">
        <ele>861.3</ele>
      </trkpt>
      <trkpt lat="47.5159" lon="10.241692">
        <ele>862.9</ele>
      </trkpt>
      <trkpt lat="47.515953" lon="10.241701">
        <ele>863.6</ele>
      </trkpt>
      <trkpt lat="47.516248" lon="10.241793">
        <ele>866.8</ele>
      </trkpt>
      <trkpt lat="47.516543" lon="10.241885">
        <ele>871.1</ele>
      </trkpt>
      <trkpt lat="47.51669" lon="10.241952">
        <ele>873.6</ele>
      </trkpt>
      <trkpt lat="47.516869" lon="10.242096">
        <ele>876.1</ele>
      </trkpt>
      <trkpt lat="47.517025" lon="10.242264">
        <ele>878.0</ele>
      </trkpt>
      <trkpt lat="47.517169" lon="10.242391">
        <ele>879.9</ele>
      </trkpt>
      <trkpt lat="47.517199" lon="10.242425">
        <ele>880.4</ele>
      </trkpt>
      <trkpt lat="47.517249" lon="10.242481">
        <ele>881.3</ele>
      </trkpt>
      <trkpt lat="47.517325" lon="10.242638">
        <ele>882.3</ele>
      </trkpt>
      <trkpt lat="47.517521" lon="10.242929">
        <ele>883.4</ele>
      </trkpt>
      <trkpt lat="47.517638" lon="10.243106">
        <ele>884.0</ele>
      </trkpt>
      <trkpt lat="47.517689" lon="10.243144">
        <ele>885.0</ele>
      </trkpt>
      <trkpt lat="47.517791" lon="10.243157">
        <ele>887.6</ele>
      </trkpt>
      <trkpt lat="47.517869" lon="10.243177">
        <ele>889.4</ele>
      </trkpt>
      <trkpt lat="47.517919" lon="10.243204">
        <ele>890.3</ele>
      </trkpt>
      <trkpt lat="47.517958" lon="10.243275">
        <ele>890.6</ele>
      </trkpt>
      <trkpt lat="47.518014" lon="10.24341">
        <ele>891.2</ele>
      </trkpt>
      <trkpt lat="47.51805" lon="10.243514">
        <ele>891.7</ele>
      </trkpt>
      <trkpt lat="47.518113" lon="10.243681">
        <ele>893.1</ele>
      </trkpt>
      <trkpt lat="47.518166" lon="10.243829">
        <ele>894.6</ele>
      </trkpt>
      <trkpt lat="47.518217" lon="10.243988">
        <ele>896.2</ele>
      </trkpt>
      <trkpt lat="47.518274" lon="10.244119">
        <ele>898.1</ele>
      </trkpt>
      <trkpt lat="47.518321" lon="10.244214">
        <ele>899.6</ele>
      </trkpt>
      <trkpt lat="47.518403" lon="10.244323">
        <ele>901.7</ele>
      </trkpt>
      <trkpt lat="47.518497" lon="10.244424">
        <ele>903.5</ele>
      </trkpt>
      <trkpt lat="47.518583" lon="10.244473">
        <ele>905.0</ele>
      </trkpt>
      <trkpt lat="47.518677" lon="10.244505">
        <ele>906.6</ele>
      </trkpt>
      <trkpt lat="47.518709" lon="10.244509">
        <ele>907.1</ele>
      </trkpt>
      <trkpt lat="47.518814" lon="10.24452">
        <ele>908.8</ele>
      </trkpt>
      <trkpt lat="47.518898" lon="10.244511">
        <ele>910.1</ele>
      </trkpt>
      <trkpt lat="47.518991" lon="10.244487">
        <ele>911.7</ele>
      </trkpt>
      <trkpt lat="47.519159" lon="10.24438">
        <ele>915.1</ele>
      </trkpt>
      <trkpt lat="47.519302" lon="10.244269">
        <ele>917.5</ele>
      </trkpt>
      <trkpt lat="47.519337" lon="10.244136">
        <ele>918.2</ele>
      </trkpt>
      <trkpt lat="47.519344" lon="10.244074">
        <ele>918.4</ele>
      </trkpt>
      <trkpt lat="47.519341" lon="10.244026">
        <ele>918.5</ele>
      </trkpt>
      <trkpt lat="47.519231" lon="10.243732">
        <ele>916.9</ele>
      </trkpt>
      <trkpt lat="47.519225" lon="10.243717">
        <ele>916.8</ele>
      </trkpt>
      <trkpt lat="47.519208" lon="10.243649">
        <ele>916.6</ele>
      </trkpt>
      <trkpt lat="47.519205" lon="10.243592">
        <ele>916.6</ele>
      </trkpt>
      <trkpt lat="47.519211" lon="10.243514">
        <ele>916.9</ele>
      </trkpt>
      <trkpt lat="47.51924" lon="10.243432">
        <ele>917.8</ele>
      </trkpt>
      <trkpt lat="47.519268" lon="10.243393">
        <ele>918.6</ele>
      </trkpt>
      <trkpt lat="47.519307" lon="10.243361">
        <ele>919.5</ele>
      </trkpt>
      <trkpt lat="47.519448" lon="10.243286">
        <ele>922.7</ele>
      </trkpt>
      <trkpt lat="47.519633" lon="10.242715">
        <ele>929.4</ele>
      </trkpt>
      <trkpt lat="47.51966" lon="10.242588">
        <ele>930.5</ele>
      </trkpt>
      <trkpt lat="47.519677" lon="10.242444">
        <ele>932.1</ele>
      </trkpt>
      <trkpt lat="47.519667" lon="10.242307">
        <ele>933.4</ele>
      </trkpt>
      <trkpt lat="47.519647" lon="10.242204">
        <ele>934.1</ele>
      </trkpt>
      <trkpt lat="47.519593" lon="10.242068">
        <ele>934.4</ele>
      </trkpt>
      <trkpt lat="47.51952" lon="10.241901">
        <ele>936.3</ele>
      </trkpt>
      <trkpt lat="47.519329" lon="10.241561">
        <ele>941.0</ele>
      </trkpt>
      <trkpt lat="47.519137" lon="10.241222">
        <ele>943.5</ele>
      </trkpt>
      <trkpt lat="47.519072" lon="10.241132">
        <ele>944.1</ele>
      </trkpt>
      <trkpt lat="47.518978" lon="10.241002">
        <ele>944.9</ele>
      </trkpt>
      <trkpt lat="47.518947" lon="10.240816">
        <ele>949.3</ele>
      </trkpt>
      <trkpt lat="47.518895" lon="10.240503">
        <ele>958.1</ele>
      </trkpt>
      <trkpt lat="47.518697" lon="10.240137">
        <ele>964.2</ele>
      </trkpt>
      <trkpt lat="47.518499" lon="10.239771">
        <ele>970.0</ele>
      </trkpt>
      <trkpt lat="47.518369" lon="10.239531">
        <ele>973.4</ele>
      </trkpt>
      <trkpt lat="47.5183" lon="10.239405">
        <ele>975.2</ele>
      </trkpt>
      <trkpt lat="47.518282" lon="10.239254">
        <ele>978.5</ele>
      </trkpt>
      <trkpt lat="47.518064" lon="10.2391">
        <ele>975.7</ele>
      </trkpt>
      <trkpt lat="47.517935" lon="10.238853">
        <ele>978.6</ele>
      </trkpt>
      <trkpt lat="47.51784" lon="10.2385">
        <ele>985.5</ele>
      </trkpt>
      <trkpt lat="47.517823" lon="10.238425">
        <ele>987.2</ele>
      </trkpt>
      <trkpt lat="47.517567" lon="10.238002">
        <ele>995.5</ele>
      </trkpt>
      <trkpt lat="47.517454" lon="10.237814">
        <ele>998.4</ele>
      </trkpt>
      <trkpt lat="47.517311" lon="10.237579">
        <ele>1002.1</ele>
      </trkpt>
      <trkpt lat="47.517307" lon="10.237502">
        <ele>1003.5</ele>
      </trkpt>
      <trkpt lat="47.517281" lon="10.237039">
        <ele>1009.1</ele>
      </trkpt>
      <trkpt lat="47.517115" lon="10.236649">
        <ele>1014.0</ele>
      </trkpt>
      <trkpt lat="47.51695" lon="10.236259">
        <ele>1017.6</ele>
      </trkpt>
      <trkpt lat="47.516908" lon="10.23616">
        <ele>1018.8</ele>
      </trkpt>
      <trkpt lat="47.516784" lon="10.235868">
        <ele>1022.5</ele>
      </trkpt>
      <trkpt lat="47.516744" lon="10.235864">
        <ele>1023.4</ele>
      </trkpt>
      <trkpt lat="47.516701" lon="10.235839">
        <ele>1024.4</ele>
      </trkpt>
      <trkpt lat="47.516642" lon="10.235758">
        <ele>1026.1</ele>
      </trkpt>
      <trkpt lat="47.516614" lon="10.235722">
        <ele>1026.9</ele>
      </trkpt>
      <trkpt lat="47.516485" lon="10.235426">
        <ele>1031.3</ele>
      </trkpt>
      <trkpt lat="47.516403" lon="10.235233">
        <ele>1033.8</ele>
      </trkpt>
      <trkpt lat="47.516258" lon="10.234887">
        <ele>1037.0</ele>
      </trkpt>
      <trkpt lat="47.516112" lon="10.234541">
        <ele>1036.9</ele>
      </trkpt>
      <trkpt lat="47.515986" lon="10.234241">
        <ele>1038.5</ele>
      </trkpt>
      <trkpt lat="47.515898" lon="10.234018">
        <ele>1041.3</ele>
      </trkpt>
      <trkpt lat="47.515797" lon="10.233741">
        <ele>1044.9</ele>
      </trkpt>
      <trkpt lat="47.515721" lon="10.233382">
        <ele>1045.6</ele>
      </trkpt>
      <trkpt lat="47.515709" lon="10.233345">
        <ele>1045.9</ele>
      </trkpt>
      <trkpt lat="47.515692" lon="10.233288">
        <ele>1046.3</ele>
      </trkpt>
      <trkpt lat="47.515653" lon="10.23321">
        <ele>1047.6</ele>
      </trkpt>
      <trkpt lat="47.515601" lon="10.233147">
        <ele>1049.5</ele>
      </trkpt>
      <trkpt lat="47.515516" lon="10.233084">
        <ele>1052.4</ele>
      </trkpt>
      <trkpt lat="47.515386" lon="10.232993">
        <ele>1056.0</ele>
      </trkpt>
      <trkpt lat="47.515251" lon="10.232852">
        <ele>1058.3</ele>
      </trkpt>
      <trkpt lat="47.51508" lon="10.232597">
        <ele>1059.9</ele>
      </trkpt>
      <trkpt lat="47.514897" lon="10.232263">
        <ele>1061.4</ele>
      </trkpt>
      <trkpt lat="47.514751" lon="10.231982">
        <ele>1063.1</ele>
      </trkpt>
      <trkpt lat="47.514546" lon="10.231605">
        <ele>1064.4</ele>
      </trkpt>
      <trkpt lat="47.514464" lon="10.2315">
        <ele>1064.4</ele>
      </trkpt>
      <trkpt lat="47.514334" lon="10.231363">
        <ele>1063.8</ele>
      </trkpt>
      <trkpt lat="47.514255" lon="10.231269">
        <ele>1063.3</ele>
      </trkpt>
      <trkpt lat="47.514209" lon="10.231205">
        <ele>1063.1</ele>
      </trkpt>
      <trkpt lat="47.514128" lon="10.231066">
        <ele>1062.8</ele>
      </trkpt>
      <trkpt lat="47.514049" lon="10.230895">
        <ele>1062.5</ele>
      </trkpt>
      <trkpt lat="47.513985" lon="10.23071">
        <ele>1062.3</ele>
      </trkpt>
      <trkpt lat="47.51392" lon="10.23049">
        <ele>1062.1</ele>
      </trkpt>
      <trkpt lat="47.513843" lon="10.230255">
        <ele>1062.6</ele>
      </trkpt>
      <trkpt lat="47.513763" lon="10.230083">
        <ele>1063.6</ele>
      </trkpt>
      <trkpt lat="47.513685" lon="10.229954">
        <ele>1064.2</ele>
      </trkpt>
      <trkpt lat="47.513619" lon="10.229872">
        <ele>1064.6</ele>
      </trkpt>
      <trkpt lat="47.513583" lon="10.229828">
        <ele>1064.8</ele>
      </trkpt>
      <trkpt lat="47.513449" lon="10.229709">
        <ele>1065.5</ele>
      </trkpt>
      <trkpt lat="47.513243" lon="10.229556">
        <ele>1066.6</ele>
      </trkpt>
      <trkpt lat="47.513157" lon="10.229496">
        <ele>1067.3</ele>
      </trkpt>
      <trkpt lat="47.513062" lon="10.22943">
        <ele>1068.3</ele>
      </trkpt>
      <trkpt lat="47.512913" lon="10.2293">
        <ele>1070.1</ele>
      </trkpt>
      <trkpt lat="47.512827" lon="10.229189">
        <ele>1071.1</ele>
      </trkpt>
      <trkpt lat="47.512737" lon="10.229032">
        <ele>1072.1</ele>
      </trkpt>
      <trkpt lat="47.512642" lon="10.228815">
        <ele>1073.2</ele>
      </trkpt>
      <trkpt lat="47.512482" lon="10.228298">
        <ele>1076.1</ele>
      </trkpt>
      <trkpt lat="47.512408" lon="10.228103">
        <ele>1078.5</ele>
      </trkpt>
      <trkpt lat="47.512297" lon="10.227899">
        <ele>1082.6</ele>
      </trkpt>
      <trkpt lat="47.512132" lon="10.22769">
        <ele>1088.4</ele>
      </trkpt>
      <trkpt lat="47.512053" lon="10.227544">
        <ele>1091.5</ele>
      </trkpt>
      <trkpt lat="47.512025" lon="10.227494">
        <ele>1092.5</ele>
      </trkpt>
      <trkpt lat="47.511998" lon="10.227379">
        <ele>1093.6</ele>
      </trkpt>
      <trkpt lat="47.511941" lon="10.227274">
        <ele>1095.6</ele>
      </trkpt>
      <trkpt lat="47.511859" lon="10.227139">
        <ele>1098.1</ele>
      </trkpt>
      <trkpt lat="47.51179" lon="10.227034">
        <ele>1100.2</ele>
      </trkpt>
      <trkpt lat="47.51175" lon="10.226967">
        <ele>1101.3</ele>
      </trkpt>
      <trkpt lat="47.511699" lon="10.226882">
        <ele>1102.7</ele>
      </trkpt>
      <trkpt lat="47.511635" lon="10.226703">
        <ele>1104.1</ele>
      </trkpt>
      <trkpt lat="47.51153" lon="10.226609">
        <ele>1107.3</ele>
      </trkpt>
      <trkpt lat="47.511363" lon="10.226504">
        <ele>1112.4</ele>
      </trkpt>
      <trkpt lat="47.511238" lon="10.226456">
        <ele>1116.0</ele>
      </trkpt>
      <trkpt lat="47.511123" lon="10.226459">
        <ele>1118.1</ele>
      </trkpt>
      <trkpt lat="47.511034" lon="10.226446">
        <ele>1118.8</ele>
      </trkpt>
      <trkpt lat="47.51092" lon="10.226418">
        <ele>1118.4</ele>
      </trkpt>
      <trkpt lat="47.510803" lon="10.226395">
        <ele>1116.4</ele>
      </trkpt>
      <trkpt lat="47.510614" lon="10.226411">
        <ele>1110.8</ele>
      </trkpt>
      <trkpt lat="47.510499" lon="10.226404">
        <ele>1109.7</ele>
      </trkpt>
      <trkpt lat="47.510365" lon="10.226337">
        <ele>1112.0</ele>
      </trkpt>
      <trkpt lat="47.510292" lon="10.226273">
        <ele>1114.3</ele>
      </trkpt>
      <trkpt lat="47.510243" lon="10.226182">
        <ele>1117.2</ele>
      </trkpt>
      <trkpt lat="47.510186" lon="10.226017">
        <ele>1122.0</ele>
      </trkpt>
      <trkpt lat="47.510126" lon="10.225922">
        <ele>1124.6</ele>
      </trkpt>
      <trkpt lat="47.51002" lon="10.225816">
        <ele>1127.2</ele>
      </trkpt>
      <trkpt lat="47.50979" lon="10.225667">
        <ele>1129.6</ele>
      </trkpt>
      <trkpt lat="47.509747" lon="10.225649">
        <ele>1129.7</ele>
      </trkpt>
      <trkpt lat="47.509654" lon="10.22561">
        <ele>1129.9</ele>
      </trkpt>
      <trkpt lat="47.509564" lon="10.225595">
        <ele>1129.4</ele>
      </trkpt>
      <trkpt lat="47.509483" lon="10.225545">
        <ele>1129.4</ele>
      </trkpt>
      <trkpt lat="47.509391" lon="10.225444">
        <ele>1129.9</ele>
      </trkpt>
      <trkpt lat="47.509314" lon="10.22528">
        <ele>1131.2</ele>
      </trkpt>
      <trkpt lat="47.509286" lon="10.225227">
        <ele>1131.5</ele>
      </trkpt>
      <trkpt lat="47.509228" lon="10.225067">
        <ele>1132.8</ele>
      </trkpt>
      <trkpt lat="47.509129" lon="10.224804">
        <ele>1134.8</ele>
      </trkpt>
      <trkpt lat="47.509062" lon="10.224711">
        <ele>1135.1</ele>
      </trkpt>
      <trkpt lat="47.508842" lon="10.224534">
        <ele>1134.4</ele>
      </trkpt>
      <trkpt lat="47.508628" lon="10.224281">
        <ele>1134.6</ele>
      </trkpt>
      <trkpt lat="47.508326" lon="10.223872">
        <ele>1135.1</ele>
      </trkpt>
      <trkpt lat="47.508123" lon="10.223644">
        <ele>1135.1</ele>
      </trkpt>
      <trkpt lat="47.507921" lon="10.223417">
        <ele>1136.0</ele>
      </trkpt>
      <trkpt lat="47.507819" lon="10.223274">
        <ele>1136.6</ele>
      </trkpt>
      <trkpt lat="47.507745" lon="10.223083">
        <ele>1137.7</ele>
      </trkpt>
      <trkpt lat="47.507681" lon="10.222907">
        <ele>1139.3</ele>
      </trkpt>
      <trkpt lat="47.507636" lon="10.222796">
        <ele>1140.6</ele>
      </trkpt>
      <trkpt lat="47.507578" lon="10.222711">
        <ele>1141.4</ele>
      </trkpt>
      <trkpt lat="47.507501" lon="10.222634">
        <ele>1142.2</ele>
      </trkpt>
      <trkpt lat="47.507243" lon="10.222441">
        <ele>1144.7</ele>
      </trkpt>
      <trkpt lat="47.507107" lon="10.222348">
        <ele>1145.9</ele>
      </trkpt>
      <trkpt lat="47.506998" lon="10.222272">
        <ele>1146.9</ele>
      </trkpt>
      <trkpt lat="47.506869" lon="10.222234">
        <ele>1147.3</ele>
      </trkpt>
      <trkpt lat="47.506781" lon="10.222243">
        <ele>1147.0</ele>
      </trkpt>
      <trkpt lat="47.506638" lon="10.222153">
        <ele>1148.1</ele>
      </trkpt>
      <trkpt lat="47.506609" lon="10.222135">
        <ele>1148.4</ele>
      </trkpt>
      <trkpt lat="47.506437" lon="10.222002">
        <ele>1150.3</ele>
      </trkpt>
      <trkpt lat="47.506341" lon="10.221927">
        <ele>1151.4</ele>
      </trkpt>
      <trkpt lat="47.506273" lon="10.221876">
        <ele>1152.1</ele>
      </trkpt>
      <trkpt lat="47.505871" lon="10.221712">
        <ele>1153.8</ele>
      </trkpt>
      <trkpt lat="47.505469" lon="10.221548">
        <ele>1158.4</ele>
      </trkpt>
      <trkpt lat="47.50541" lon="10.221503">
        <ele>1160.2</ele>
      </trkpt>
      <trkpt lat="47.505399" lon="10.221432">
        <ele>1162.8</ele>
      </trkpt>
      <trkpt lat="47.505414" lon="10.221405">
        <ele>1163.6</ele>
      </trkpt>
      <trkpt lat="47.505446" lon="10.22135">
        <ele>1165.3</ele>
      </trkpt>
      <trkpt lat="47.505775" lon="10.221262">
        <ele>1165.4</ele>
      </trkpt>
      <trkpt lat="47.505813" lon="10.221252">
        <ele>1165.4</ele>
      </trkpt>
      <trkpt lat="47.506019" lon="10.221197">
        <ele>1166.2</ele>
      </trkpt>
      <trkpt lat="47.506074" lon="10.221174">
        <ele>1166.4</ele>
      </trkpt>
      <trkpt lat="47.506153" lon="10.221093">
        <ele>1167.4</ele>
      </trkpt>
      <trkpt lat="47.506261" lon="10.220962">
        <ele>1168.6</ele>
      </trkpt>
      <trkpt lat="47.506302" lon="10.220896">
        <ele>1169.0</ele>
      </trkpt>
      <trkpt lat="47.506341" lon="10.220787">
        <ele>1169.6</ele>
      </trkpt>
      <trkpt lat="47.506355" lon="10.220703">
        <ele>1170.0</ele>
      </trkpt>
      <trkpt lat="47.506357" lon="10.220588">
        <ele>1170.5</ele>
      </trkpt>
      <trkpt lat="47.50634" lon="10.220473">
        <ele>1171.1</ele>
      </trkpt>
      <trkpt lat="47.506339" lon="10.220467">
        <ele>1171.1</ele>
      </trkpt>
      <trkpt lat="47.506297" lon="10.220361">
        <ele>1172.2</ele>
      </trkpt>
      <trkpt lat="47.50623" lon="10.220245">
        <ele>1173.8</ele>
      </trkpt>
      <trkpt lat="47.506114" lon="10.220111">
        <ele>1176.5</ele>
      </trkpt>
      <trkpt lat="47.505857" lon="10.21987">
        <ele>1182.5</ele>
      </trkpt>
      <trkpt lat="47.505634" lon="10.219673">
        <ele>1187.6</ele>
      </trkpt>
      <trkpt lat="47.505515" lon="10.219589">
        <ele>1190.0</ele>
      </trkpt>
      <trkpt lat="47.505293" lon="10.219434">
        <ele>1194.8</ele>
      </trkpt>
      <trkpt lat="47.505232" lon="10.21939">
        <ele>1196.2</ele>
      </trkpt>
      <trkpt lat="47.504949" lon="10.219191">
        <ele>1202.7</ele>
      </trkpt>
      <trkpt lat="47.504864" lon="10.219132">
        <ele>1204.6</ele>
      </trkpt>
      <trkpt lat="47.504498" lon="10.218896">
        <ele>1212.7</ele>
      </trkpt>
      <trkpt lat="47.504114" lon="10.218601">
        <ele>1220.8</ele>
      </trkpt>
      <trkpt lat="47.503974" lon="10.218527">
        <ele>1224.5</ele>
      </trkpt>
      <trkpt lat="47.503854" lon="10.218486">
        <ele>1227.8</ele>
      </trkpt>
      <trkpt lat="47.503744" lon="10.218475">
        <ele>1230.2</ele>
      </trkpt>
      <trkpt lat="47.503617" lon="10.218481">
        <ele>1231.3</ele>
      </trkpt>
      <trkpt lat="47.503499" lon="10.2185">
        <ele>1232.5</ele>
      </trkpt>
      <trkpt lat="47.503333" lon="10.218537">
        <ele>1233.6</ele>
      </trkpt>
      <trkpt lat="47.503254" lon="10.21854">
        <ele>1234.1</ele>
      </trkpt>
      <trkpt lat="47.503198" lon="10.218529">
        <ele>1234.4</ele>
      </trkpt>
      <trkpt lat="47.50314" lon="10.21849">
        <ele>1234.9</ele>
      </trkpt>
      <trkpt lat="47.503078" lon="10.218411">
        <ele>1235.8</ele>
      </trkpt>
      <trkpt lat="47.502991" lon="10.218294">
        <ele>1237.0</ele>
      </trkpt>
      <trkpt lat="47.502882" lon="10.218172">
        <ele>1238.2</ele>
      </trkpt>
      <trkpt lat="47.502834" lon="10.218123">
        <ele>1238.6</ele>
      </trkpt>
      <trkpt lat="47.502763" lon="10.218071">
        <ele>1239.2</ele>
      </trkpt>
      <trkpt lat="47.502619" lon="10.218">
        <ele>1240.6</ele>
      </trkpt>
      <trkpt lat="47.502318" lon="10.217836">
        <ele>1244.1</ele>
      </trkpt>
      <trkpt lat="47.502238" lon="10.21778">
        <ele>1245.0</ele>
      </trkpt>
      <trkpt lat="47.502154" lon="10.217735">
        <ele>1246.0</ele>
      </trkpt>
      <trkpt lat="47.502149" lon="10.217732">
        <ele>1246.1</ele>
      </trkpt>
      <trkpt lat="47.502018" lon="10.21769">
        <ele>1248.1</ele>
      </trkpt>
      <trkpt lat="47.501909" lon="10.217666">
        <ele>1250.0</ele>
      </trkpt>
      <trkpt lat="47.501834" lon="10.217655">
        <ele>1251.3</ele>
      </trkpt>
      <trkpt lat="47.50174" lon="10.217627">
        <ele>1253.1</ele>
      </trkpt>
      <trkpt lat="47.50166" lon="10.217583">
        <ele>1254.9</ele>
      </trkpt>
      <trkpt lat="47.50158" lon="10.21753">
        <ele>1256.7</ele>
      </trkpt>
      <trkpt lat="47.501368" lon="10.217323">
        <ele>1261.2</ele>
      </trkpt>
      <trkpt lat="47.501149" lon="10.217034">
        <ele>1265.8</ele>
      </trkpt>
      <trkpt lat="47.50105" lon="10.216913">
        <ele>1268.1</ele>
      </trkpt>
      <trkpt lat="47.500922" lon="10.216775">
        <ele>1271.2</ele>
      </trkpt>
      <trkpt lat="47.500809" lon="10.216649">
        <ele>1273.9</ele>
      </trkpt>
      <trkpt lat="47.500743" lon="10.216567">
        <ele>1275.3</ele>
      </trkpt>
      <trkpt lat="47.500667" lon="10.216438">
        <ele>1277.4</ele>
      </trkpt>
      <trkpt lat="47.500491" lon="10.21607">
        <ele>1282.7</ele>
      </trkpt>
      <trkpt lat="47.500382" lon="10.215858">
        <ele>1285.6</ele>
      </trkpt>
      <trkpt lat="47.5003" lon="10.21573">
        <ele>1286.6</ele>
      </trkpt>
      <trkpt lat="47.500235" lon="10.215642">
        <ele>1287.5</ele>
      </trkpt>
      <trkpt lat="47.500024" lon="10.215455">
        <ele>1289.9</ele>
      </trkpt>
      <trkpt lat="47.499835" lon="10.215236">
        <ele>1290.7</ele>
      </trkpt>
      <trkpt lat="47.499688" lon="10.215036">
        <ele>1290.9</ele>
      </trkpt>
      <trkpt lat="47.499536" lon="10.214838">
        <ele>1292.0</ele>
      </trkpt>
      <trkpt lat="47.499459" lon="10.21475">
        <ele>1293.0</ele>
      </trkpt>
      <trkpt lat="47.499363" lon="10.214659">
        <ele>1294.6</ele>
      </trkpt>
      <trkpt lat="47.499173" lon="10.214511">
        <ele>1297.4</ele>
      </trkpt>
      <trkpt lat="47.499056" lon="10.214406">
        <ele>1299.7</ele>
      </trkpt>
      <trkpt lat="47.499001" lon="10.214314">
        <ele>1301.0</ele>
      </trkpt>
      <trkpt lat="47.498995" lon="10.2143">
        <ele>1301.0</ele>
      </trkpt>
      <trkpt lat="47.498848" lon="10.21397">
        <ele>1301.2</ele>
      </trkpt>
      <trkpt lat="47.498775" lon="10.213864">
        <ele>1301.2</ele>
      </trkpt>
      <trkpt lat="47.498707" lon="10.213797">
        <ele>1301.3</ele>
      </trkpt>
      <trkpt lat="47.498591" lon="10.213724">
        <ele>1301.8</ele>
      </trkpt>
      <trkpt lat="47.498499" lon="10.213691">
        <ele>1302.2</ele>
      </trkpt>
      <trkpt lat="47.498398" lon="10.213695">
        <ele>1302.8</ele>
      </trkpt>
      <trkpt lat="47.498295" lon="10.21378">
        <ele>1304.2</ele>
      </trkpt>
      <trkpt lat="47.498231" lon="10.213861">
        <ele>1304.9</ele>
      </trkpt>
      <trkpt lat="47.497982" lon="10.213698">
        <ele>1305.5</ele>
      </trkpt>
      <trkpt lat="47.497722" lon="10.213578">
        <ele>1305.9</ele>
      </trkpt>
      <trkpt lat="47.497677" lon="10.213548">
        <ele>1306.0</ele>
      </trkpt>
      <trkpt lat="47.49765" lon="10.213507">
        <ele>1305.9</ele>
      </trkpt>
      <trkpt lat="47.497608" lon="10.213395">
        <ele>1306.1</ele>
      </trkpt>
      <trkpt lat="47.497548" lon="10.213242">
        <ele>1305.8</ele>
      </trkpt>
      <trkpt lat="47.497525" lon="10.213187">
        <ele>1305.6</ele>
      </trkpt>
      <trkpt lat="47.497496" lon="10.213119">
        <ele>1305.5</ele>
      </trkpt>
      <trkpt lat="47.497446" lon="10.213001">
        <ele>1305.5</ele>
      </trkpt>
      <trkpt lat="47.497428" lon="10.212958">
        <ele>1305.7</ele>
      </trkpt>
      <trkpt lat="47.497397" lon="10.212835">
        <ele>1305.8</ele>
      </trkpt>
      <trkpt lat="47.497377" lon="10.212746">
        <ele>1306.0</ele>
      </trkpt>
      <trkpt lat="47.497356" lon="10.212602">
        <ele>1305.8</ele>
      </trkpt>
      <trkpt lat="47.497274" lon="10.212387">
        <ele>1306.9</ele>
      </trkpt>
      <trkpt lat="47.497173" lon="10.212181">
        <ele>1307.7</ele>
      </trkpt>
      <trkpt lat="47.497118" lon="10.212086">
        <ele>1308.2</ele>
      </trkpt>
      <trkpt lat="47.497092" lon="10.21204">
        <ele>1308.6</ele>
      </trkpt>
      <trkpt lat="47.497067" lon="10.211978">
        <ele>1308.8</ele>
      </trkpt>
      <trkpt lat="47.497049" lon="10.211851">
        <ele>1308.5</ele>
      </trkpt>
      <trkpt lat="47.497029" lon="10.211758">
        <ele>1308.5</ele>
      </trkpt>
      <trkpt lat="47.496981" lon="10.211689">
        <ele>1309.5</ele>
      </trkpt>
      <trkpt lat="47.496933" lon="10.211648">
        <ele>1310.7</ele>
      </trkpt>
      <trkpt lat="47.496829" lon="10.211578">
        <ele>1313.3</ele>
      </trkpt>
      <trkpt lat="47.496791" lon="10.211544">
        <ele>1314.0</ele>
      </trkpt>
      <trkpt lat="47.496732" lon="10.211452">
        <ele>1314.5</ele>
      </trkpt>
      <trkpt lat="47.496702" lon="10.211345">
        <ele>1313.9</ele>
      </trkpt>
      <trkpt lat="47.496662" lon="10.211248">
        <ele>1313.8</ele>
      </trkpt>
      <trkpt lat="47.496523" lon="10.211019">
        <ele>1315.3</ele>
      </trkpt>
      <trkpt lat="47.496505" lon="10.210936">
        <ele>1315.2</ele>
      </trkpt>
      <trkpt lat="47.496522" lon="10.21088">
        <ele>1314.8</ele>
      </trkpt>
      <trkpt lat="47.496573" lon="10.210837">
        <ele>1314.0</ele>
      </trkpt>
      <trkpt lat="47.496703" lon="10.210734">
        <ele>1312.3</ele>
      </trkpt>
      <trkpt lat="47.496728" lon="10.210673">
        <ele>1312.3</ele>
      </trkpt>
      <trkpt lat="47.496718" lon="10.210584">
        <ele>1313.4</ele>
      </trkpt>
      <trkpt lat="47.496695" lon="10.210509">
        <ele>1314.7</ele>
      </trkpt>
      <trkpt lat="47.49661" lon="10.21027">
        <ele>1319.5</ele>
      </trkpt>
      <trkpt lat="47.496534" lon="10.210094">
        <ele>1322.6</ele>
      </trkpt>
      <trkpt lat="47.496442" lon="10.20991">
        <ele>1323.6</ele>
      </trkpt>
      <trkpt lat="47.496337" lon="10.209748">
        <ele>1325.4</ele>
      </trkpt>
      <trkpt lat="47.496296" lon="10.209654">
        <ele>1326.0</ele>
      </trkpt>
      <trkpt lat="47.496271" lon="10.209567">
        <ele>1326.1</ele>
      </trkpt>
      <trkpt lat="47.496258" lon="10.209522">
        <ele>1326.2</ele>
      </trkpt>
      <trkpt lat="47.49625" lon="10.209484">
        <ele>1326.4</ele>
      </trkpt>
      <trkpt lat="47.496221" lon="10.209269">
        <ele>1327.0</ele>
      </trkpt>
      <trkpt lat="47.4962" lon="10.209171">
        <ele>1327.3</ele>
      </trkpt>
      <trkpt lat="47.496109" lon="10.20898">
        <ele>1328.3</ele>
      </trkpt>
      <trkpt lat="47.496036" lon="10.208868">
        <ele>1328.9</ele>
      </trkpt>
      <trkpt lat="47.495937" lon="10.208734">
        <ele>1329.5</ele>
      </trkpt>
      <trkpt lat="47.495858" lon="10.208619">
        <ele>1330.0</ele>
      </trkpt>
      <trkpt lat="47.495777" lon="10.208539">
        <ele>1330.5</ele>
      </trkpt>
      <trkpt lat="47.495609" lon="10.208468">
        <ele>1331.5</ele>
      </trkpt>
      <trkpt lat="47.495469" lon="10.208422">
        <ele>1332.4</ele>
      </trkpt>
      <trkpt lat="47.495391" lon="10.208412">
        <ele>1332.8</ele>
      </trkpt>
      <trkpt lat="47.495317" lon="10.208411">
        <ele>1333.2</ele>
      </trkpt>
      <trkpt lat="47.49519" lon="10.208415">
        <ele>1333.7</ele>
      </trkpt>
      <trkpt lat="47.495154" lon="10.208415">
        <ele>1333.8</ele>
      </trkpt>
      <trkpt lat="47.495103" lon="10.208415">
        <ele>1334.0</ele>
      </trkpt>
      <trkpt lat="47.495036" lon="10.208411">
        <ele>1334.1</ele>
      </trkpt>
      <trkpt lat="47.49499" lon="10.2084">
        <ele>1334.1</ele>
      </trkpt>
      <trkpt lat="47.494931" lon="10.208383">
        <ele>1334.1</ele>
      </trkpt>
      <trkpt lat="47.494874" lon="10.208353">
        <ele>1334.1</ele>
      </trkpt>
      <trkpt lat="47.494802" lon="10.208301">
        <ele>1333.7</ele>
      </trkpt>
      <trkpt lat="47.494636" lon="10.208188">
        <ele>1332.2</ele>
      </trkpt>
      <trkpt lat="47.494531" lon="10.208156">
        <ele>1331.6</ele>
      </trkpt>
      <trkpt lat="47.494335" lon="10.208164">
        <ele>1331.9</ele>
      </trkpt>
      <trkpt lat="47.494161" lon="10.208209">
        <ele>1331.5</ele>
      </trkpt>
      <trkpt lat="47.493972" lon="10.208344">
        <ele>1329.6</ele>
      </trkpt>
      <trkpt lat="47.493814" lon="10.208463">
        <ele>1326.6</ele>
      </trkpt>
      <trkpt lat="47.493691" lon="10.208629">
        <ele>1326.4</ele>
      </trkpt>
      <trkpt lat="47.493534" lon="10.20894">
        <ele>1328.8</ele>
      </trkpt>
      <trkpt lat="47.493434" lon="10.209186">
        <ele>1331.1</ele>
      </trkpt>
      <trkpt lat="47.493272" lon="10.209549">
        <ele>1330.8</ele>
      </trkpt>
      <trkpt lat="47.493109" lon="10.209913">
        <ele>1330.0</ele>
      </trkpt>
      <trkpt lat="47.492984" lon="10.210132">
        <ele>1329.5</ele>
      </trkpt>
      <trkpt lat="47.492836" lon="10.210362">
        <ele>1327.5</ele>
      </trkpt>
      <trkpt lat="47.492687" lon="10.210561">
        <ele>1322.9</ele>
      </trkpt>
      <trkpt lat="47.492639" lon="10.210616">
        <ele>1322.3</ele>
      </trkpt>
      <trkpt lat="47.492542" lon="10.210728">
        <ele>1324.0</ele>
      </trkpt>
      <trkpt lat="47.492484" lon="10.210811">
        <ele>1327.3</ele>
      </trkpt>
      <trkpt lat="47.4924" lon="10.21093">
        <ele>1332.7</ele>
      </trkpt>
      <trkpt lat="47.492213" lon="10.21116">
        <ele>1340.0</ele>
      </trkpt>
      <trkpt lat="47.492076" lon="10.211281">
        <ele>1336.8</ele>
      </trkpt>
      <trkpt lat="47.492036" lon="10.211316">
        <ele>1335.8</ele>
      </trkpt>
      <trkpt lat="47.491839" lon="10.211442">
        <ele>1326.3</ele>
      </trkpt>
      <trkpt lat="47.491634" lon="10.211557">
        <ele>1324.1</ele>
      </trkpt>
      <trkpt lat="47.491522" lon="10.211592">
        <ele>1323.2</ele>
      </trkpt>
      <trkpt lat="47.491271" lon="10.211694">
        <ele>1323.3</ele>
      </trkpt>
      <trkpt lat="47.491008" lon="10.211793">
        <ele>1324.8</ele>
      </trkpt>
      <trkpt lat="47.490858" lon="10.211867">
        <ele>1326.5</ele>
      </trkpt>
      <trkpt lat="47.490762" lon="10.211941">
        <ele>1327.9</ele>
      </trkpt>
      <trkpt lat="47.490735" lon="10.212011">
        <ele>1329.0</ele>
      </trkpt>
      <trkpt lat="47.490722" lon="10.212045">
        <ele>1329.3</ele>
      </trkpt>
      <trkpt lat="47.490706" lon="10.212143">
        <ele>1330.0</ele>
      </trkpt>
      <trkpt lat="47.490749" lon="10.212285">
        <ele>1330.5</ele>
      </trkpt>
      <trkpt lat="47.490697" lon="10.212253">
        <ele>1330.1</ele>
      </trkpt>
      <trkpt lat="47.490482" lon="10.212152">
        <ele>1330.5</ele>
      </trkpt>
      <trkpt lat="47.490174" lon="10.21202">
        <ele>1332.6</ele>
      </trkpt>
      <trkpt lat="47.489884" lon="10.21195">
        <ele>1334.4</ele>
      </trkpt>
      <trkpt lat="47.489824" lon="10.211936">
        <ele>1335.0</ele>
      </trkpt>
      <trkpt lat="47.48965" lon="10.211917">
        <ele>1337.0</ele>
      </trkpt>
      <trkpt lat="47.489392" lon="10.21189">
        <ele>1341.7</ele>
      </trkpt>
      <trkpt lat="47.489215" lon="10.211942">
        <ele>1344.2</ele>
      </trkpt>
      <trkpt lat="47.489139" lon="10.211973">
        <ele>1346.0</ele>
      </trkpt>
      <trkpt lat="47.489101" lon="10.212011">
        <ele>1347.3</ele>
      </trkpt>
      <trkpt lat="47.48909" lon="10.212106">
        <ele>1347.1</ele>
      </trkpt>
      <trkpt lat="47.489087" lon="10.212118">
        <ele>1347.1</ele>
      </trkpt>
      <trkpt lat="47.48906" lon="10.212229">
        <ele>1346.7</ele>
      </trkpt>
      <trkpt lat="47.488947" lon="10.212501">
        <ele>1345.5</ele>
      </trkpt>
      <trkpt lat="47.488924" lon="10.212556">
        <ele>1345.3</ele>
      </trkpt>
      <trkpt lat="47.48888" lon="10.212643">
        <ele>1345.3</ele>
      </trkpt>
      <trkpt lat="47.488785" lon="10.212723">
        <ele>1346.8</ele>
      </trkpt>
      <trkpt lat="47.488696" lon="10.212735">
        <ele>1348.6</ele>
      </trkpt>
      <trkpt lat="47.488659" lon="10.212725">
        <ele>1349.7</ele>
      </trkpt>
      <trkpt lat="47.488574" lon="10.212701">
        <ele>1351.7</ele>
      </trkpt>
      <trkpt lat="47.488375" lon="10.212622">
        <ele>1354.7</ele>
      </trkpt>
      <trkpt lat="47.488266" lon="10.212588">
        <ele>1356.1</ele>
      </trkpt>
      <trkpt lat="47.488055" lon="10.212538">
        <ele>1359.3</ele>
      </trkpt>
      <trkpt lat="47.487888" lon="10.212486">
        <ele>1363.3</ele>
      </trkpt>
      <trkpt lat="47.487721" lon="10.212425">
        <ele>1367.2</ele>
      </trkpt>
      <trkpt lat="47.487528" lon="10.212442">
        <ele>1370.8</ele>
      </trkpt>
      <trkpt lat="47.487413" lon="10.212449">
        <ele>1374.3</ele>
      </trkpt>
      <trkpt lat="47.487209" lon="10.212462">
        <ele>1380.6</ele>
      </trkpt>
      <trkpt lat="47.487156" lon="10.212597">
        <ele>1382.4</ele>
      </trkpt>
      <trkpt lat="47.487103" lon="10.212733">
        <ele>1384.3</ele>
      </trkpt>
      <trkpt lat="47.487019" lon="10.212904">
        <ele>1387.0</ele>
      </trkpt>
      <trkpt lat="47.486984" lon="10.212975">
        <ele>1388.0</ele>
      </trkpt>
      <trkpt lat="47.486859" lon="10.213188">
        <ele>1391.9</ele>
      </trkpt>
      <trkpt lat="47.486754" lon="10.21338">
        <ele>1392.5</ele>
      </trkpt>
      <trkpt lat="47.486578" lon="10.213574">
        <ele>1390.9</ele>
      </trkpt>
      <trkpt lat="47.486438" lon="10.213528">
        <ele>1394.6</ele>
      </trkpt>
      <trkpt lat="47.486274" lon="10.213447">
        <ele>1397.7</ele>
      </trkpt>
      <trkpt lat="47.486183" lon="10.213359">
        <ele>1400.9</ele>
      </trkpt>
      <trkpt lat="47.486045" lon="10.213224">
        <ele>1405.9</ele>
      </trkpt>
      <trkpt lat="47.485852" lon="10.212985">
        <ele>1414.0</ele>
      </trkpt>
      <trkpt lat="47.485659" lon="10.212746">
        <ele>1419.2</ele>
      </trkpt>
      <trkpt lat="47.485475" lon="10.212543">
        <ele>1423.4</ele>
      </trkpt>
      <trkpt lat="47.48529" lon="10.21234">
        <ele>1430.6</ele>
      </trkpt>
      <trkpt lat="47.48523" lon="10.212274">
        <ele>1432.6</ele>
      </trkpt>
      <trkpt lat="47.485151" lon="10.212228">
        <ele>1432.6</ele>
      </trkpt>
      <trkpt lat="47.485052" lon="10.212183">
        <ele>1431.6</ele>
      </trkpt>
      <trkpt lat="47.484924" lon="10.212106">
        <ele>1430.6</ele>
      </trkpt>
      <trkpt lat="47.484888" lon="10.212067">
        <ele>1431.1</ele>
      </trkpt>
      <trkpt lat="47.484826" lon="10.212001">
        <ele>1431.7</ele>
      </trkpt>
      <trkpt lat="47.484811" lon="10.211984">
        <ele>1431.8</ele>
      </trkpt>
      <trkpt lat="47.484607" lon="10.21173">
        <ele>1434.6</ele>
      </trkpt>
      <trkpt lat="47.484445" lon="10.211512">
        <ele>1437.1</ele>
      </trkpt>
      <trkpt lat="47.484224" lon="10.211214">
        <ele>1441.0</ele>
      </trkpt>
      <trkpt lat="47.484024" lon="10.210961">
        <ele>1444.4</ele>
      </trkpt>
      <trkpt lat="47.48396" lon="10.210891">
        <ele>1445.0</ele>
      </trkpt>
      <trkpt lat="47.483732" lon="10.210643">
        <ele>1447.2</ele>
      </trkpt>
      <trkpt lat="47.483646" lon="10.210546">
        <ele>1448.5</ele>
      </trkpt>
      <trkpt lat="47.483406" lon="10.210274">
        <ele>1451.9</ele>
      </trkpt>
      <trkpt lat="47.483272" lon="10.210091">
        <ele>1453.0</ele>
      </trkpt>
      <trkpt lat="47.483209" lon="10.210006">
        <ele>1452.6</ele>
      </trkpt>
      <trkpt lat="47.483049" lon="10.209819">
        <ele>1451.3</ele>
      </trkpt>
      <trkpt lat="47.482977" lon="10.209735">
        <ele>1451.2</ele>
      </trkpt>
      <trkpt lat="47.482835" lon="10.209515">
        <ele>1452.2</ele>
      </trkpt>
      <trkpt lat="47.482766" lon="10.209409">
        <ele>1451.8</ele>
      </trkpt>
      <trkpt lat="47.482645" lon="10.209177">
        <ele>1450.9</ele>
      </trkpt>
      <trkpt lat="47.482625" lon="10.209121">
        <ele>1451.0</ele>
      </trkpt>
      <trkpt lat="47.482501" lon="10.208773">
        <ele>1452.0</ele>
      </trkpt>
      <trkpt lat="47.482339" lon="10.208427">
        <ele>1452.8</ele>
      </trkpt>
      <trkpt lat="47.482273" lon="10.208362">
        <ele>1451.8</ele>
      </trkpt>
      <trkpt lat="47.48211" lon="10.208301">
        <ele>1448.6</ele>
      </trkpt>
      <trkpt lat="47.481987" lon="10.208144">
        <ele>1448.2</ele>
      </trkpt>
      <trkpt lat="47.481958" lon="10.208135">
        <ele>1448.0</ele>
      </trkpt>
      <trkpt lat="47.481885" lon="10.208112">
        <ele>1447.6</ele>
      </trkpt>
      <trkpt lat="47.481793" lon="10.208115">
        <ele>1446.6</ele>
      </trkpt>
      <trkpt lat="47.481699" lon="10.208029">
        <ele>1447.2</ele>
      </trkpt>
      <trkpt lat="47.481548" lon="10.207927">
        <ele>1447.4</ele>
      </trkpt>
      <trkpt lat="47.48134" lon="10.207872">
        <ele>1446.1</ele>
      </trkpt>
      <trkpt lat="47.481309" lon="10.207864">
        <ele>1446.0</ele>
      </trkpt>
      <trkpt lat="47.481288" lon="10.207873">
        <ele>1445.7</ele>
      </trkpt>
      <trkpt lat="47.481201" lon="10.207909">
        <ele>1444.7</ele>
      </trkpt>
      <trkpt lat="47.4811" lon="10.207925">
        <ele>1444.3</ele>
      </trkpt>
      <trkpt lat="47.481006" lon="10.207845">
        <ele>1445.4</ele>
      </trkpt>
      <trkpt lat="47.480868" lon="10.207736">
        <ele>1445.8</ele>
      </trkpt>
      <trkpt lat="47.480594" lon="10.207571">
        <ele>1447.9</ele>
      </trkpt>
      <trkpt lat="47.480514" lon="10.207522">
        <ele>1448.5</ele>
      </trkpt>
      <trkpt lat="47.480119" lon="10.207304">
        <ele>1451.6</ele>
      </trkpt>
      <trkpt lat="47.480004" lon="10.207183">
        <ele>1452.2</ele>
      </trkpt>
      <trkpt lat="47.479861" lon="10.207039">
        <ele>1450.6</ele>
      </trkpt>
      <trkpt lat="47.479686" lon="10.206902">
        <ele>1449.5</ele>
      </trkpt>
      <trkpt lat="47.479552" lon="10.206752">
        <ele>1449.5</ele>
      </trkpt>
      <trkpt lat="47.479447" lon="10.206547">
        <ele>1450.2</ele>
      </trkpt>
      <trkpt lat="47.479219" lon="10.206196">
        <ele>1452.2</ele>
      </trkpt>
      <trkpt lat="47.479026" lon="10.206013">
        <ele>1451.6</ele>
      </trkpt>
      <trkpt lat="47.478949" lon="10.20593">
        <ele>1452.2</ele>
      </trkpt>
      <trkpt lat="47.47883" lon="10.205801">
        <ele>1453.1</ele>
      </trkpt>
      <trkpt lat="47.47878" lon="10.205747">
        <ele>1453.3</ele>
      </trkpt>
      <trkpt lat="47.478674" lon="10.20556">
        <ele>1456.0</ele>
      </trkpt>
      <trkpt lat="47.478405" lon="10.205088">
        <ele>1460.0</ele>
      </trkpt>
      <trkpt lat="47.478311" lon="10.204872">
        <ele>1465.0</ele>
      </trkpt>
      <trkpt lat="47.478192" lon="10.204698">
        <ele>1466.3</ele>
      </trkpt>
      <trkpt lat="47.478093" lon="10.204494">
        <ele>1468.5</ele>
      </trkpt>
      <trkpt lat="47.47804" lon="10.204307">
        <ele>1472.0</ele>
      </trkpt>
      <trkpt lat="47.477949" lon="10.204197">
        <ele>1472.7</ele>
      </trkpt>
      <trkpt lat="47.477647" lon="10.20397">
        <ele>1475.2</ele>
      </trkpt>
      <trkpt lat="47.477486" lon="10.203843">
        <ele>1476.5</ele>
      </trkpt>
      <trkpt lat="47.477433" lon="10.203713">
        <ele>1479.6</ele>
      </trkpt>
      <trkpt lat="47.477294" lon="10.203311">
        <ele>1486.8</ele>
      </trkpt>
      <trkpt lat="47.477188" lon="10.203079">
        <ele>1490.8</ele>
      </trkpt>
      <trkpt lat="47.477071" lon="10.202846">
        <ele>1495.2</ele>
      </trkpt>
      <trkpt lat="47.476966" lon="10.20267">
        <ele>1498.3</ele>
      </trkpt>
      <trkpt lat="47.476817" lon="10.202496">
        <ele>1502.9</ele>
      </trkpt>
      <trkpt lat="47.476727" lon="10.202423">
        <ele>1506.2</ele>
      </trkpt>
      <trkpt lat="47.476618" lon="10.20237">
        <ele>1508.4</ele>
      </trkpt>
      <trkpt lat="47.476452" lon="10.202337">
        <ele>1510.5</ele>
      </trkpt>
      <trkpt lat="47.476306" lon="10.20237">
        <ele>1511.5</ele>
      </trkpt>
      <trkpt lat="47.476097" lon="10.202443">
        <ele>1511.5</ele>
      </trkpt>
      <trkpt lat="47.475863" lon="10.202544">
        <ele>1513.1</ele>
      </trkpt>
      <trkpt lat="47.475723" lon="10.202549">
        <ele>1516.9</ele>
      </trkpt>
      <trkpt lat="47.475672" lon="10.20255">
        <ele>1518.3</ele>
      </trkpt>
      <trkpt lat="47.475395" lon="10.202616">
        <ele>1526.2</ele>
      </trkpt>
      <trkpt lat="47.47521" lon="10.202613">
        <ele>1533.4</ele>
      </trkpt>
      <trkpt lat="47.475038" lon="10.202599">
        <ele>1541.0</ele>
      </trkpt>
      <trkpt lat="47.474917" lon="10.202565">
        <ele>1547.1</ele>
      </trkpt>
      <trkpt lat="47.474711" lon="10.202681">
        <ele>1553.0</ele>
      </trkpt>
      <trkpt lat="47.474756" lon="10.202491">
        <ele>1554.4</ele>
      </trkpt>
      <trkpt lat="47.474786" lon="10.202422">
        <ele>1554.5</ele>
      </trkpt>
      <trkpt lat="47.474702" lon="10.202441">
        <ele>1556.2</ele>
      </trkpt>
      <trkpt lat="47.474664" lon="10.202449">
        <ele>1556.9</ele>
      </trkpt>
      <trkpt lat="47.474573" lon="10.202559">
        <ele>1559.1</ele>
      </trkpt>
      <trkpt lat="47.474346" lon="10.202791">
        <ele>1566.0</ele>
      </trkpt>
      <trkpt lat="47.474337" lon="10.202798">
        <ele>1566.3</ele>
      </trkpt>
      <trkpt lat="47.474325" lon="10.202806">
        <ele>1566.6</ele>
      </trkpt>
      <trkpt lat="47.474234" lon="10.202926">
        <ele>1568.8</ele>
      </trkpt>
      <trkpt lat="47.474156" lon="10.202995">
        <ele>1571.1</ele>
      </trkpt>
      <trkpt lat="47.474063" lon="10.202983">
        <ele>1574.7</ele>
      </trkpt>
      <trkpt lat="47.474031" lon="10.202976">
        <ele>1575.9</ele>
      </trkpt>
      <trkpt lat="47.473985" lon="10.203164">
        <ele>1576.2</ele>
      </trkpt>
      <trkpt lat="47.473969" lon="10.203308">
        <ele>1574.3</ele>
      </trkpt>
      <trkpt lat="47.473896" lon="10.203373">
        <ele>1575.5</ele>
      </trkpt>
      <trkpt lat="47.473813" lon="10.203369">
        <ele>1577.9</ele>
      </trkpt>
      <trkpt lat="47.473703" lon="10.203343">
        <ele>1580.2</ele>
      </trkpt>
      <trkpt lat="47.473613" lon="10.203291">
        <ele>1582.0</ele>
      </trkpt>
      <trkpt lat="47.473496" lon="10.203354">
        <ele>1580.5</ele>
      </trkpt>
      <trkpt lat="47.473361" lon="10.203329">
        <ele>1580.8</ele>
      </trkpt>
      <trkpt lat="47.473318" lon="10.203257">
        <ele>1582.2</ele>
      </trkpt>
      <trkpt lat="47.473168" lon="10.203222">
        <ele>1581.8</ele>
      </trkpt>
      <trkpt lat="47.473101" lon="10.203125">
        <ele>1583.5</ele>
      </trkpt>
      <trkpt lat="47.473011" lon="10.203076">
        <ele>1584.2</ele>
      </trkpt>
      <trkpt lat="47.472938" lon="10.203044">
        <ele>1584.8</ele>
      </trkpt>
      <trkpt lat="47.472881" lon="10.202941">
        <ele>1586.5</ele>
      </trkpt>
      <trkpt lat="47.47281" lon="10.202866">
        <ele>1587.3</ele>
      </trkpt>
      <trkpt lat="47.47272" lon="10.202851">
        <ele>1587.7</ele>
      </trkpt>
      <trkpt lat="47.472653" lon="10.202842">
        <ele>1587.9</ele>
      </trkpt>
      <trkpt lat="47.472619" lon="10.20288">
        <ele>1587.5</ele>
      </trkpt>
      <trkpt lat="47.472576" lon="10.202874">
        <ele>1587.6</ele>
      </trkpt>
      <trkpt lat="47.47255" lon="10.202809">
        <ele>1588.3</ele>
      </trkpt>
      <trkpt lat="47.472475" lon="10.202793">
        <ele>1588.5</ele>
      </trkpt>
      <trkpt lat="47.472444" lon="10.202739">
        <ele>1589.0</ele>
      </trkpt>
      <trkpt lat="47.472279" lon="10.2027">
        <ele>1589.5</ele>
      </trkpt>
      <trkpt lat="47.472165" lon="10.202564">
        <ele>1590.7</ele>
      </trkpt>
      <trkpt lat="47.472012" lon="10.202522">
        <ele>1591.2</ele>
      </trkpt>
      <trkpt lat="47.471928" lon="10.202447">
        <ele>1591.9</ele>
      </trkpt>
      <trkpt lat="47.471793" lon="10.202337">
        <ele>1592.9</ele>
      </trkpt>
      <trkpt lat="47.471693" lon="10.202273">
        <ele>1593.5</ele>
      </trkpt>
      <trkpt lat="47.471533" lon="10.202212">
        <ele>1593.9</ele>
      </trkpt>
      <trkpt lat="47.471335" lon="10.202227">
        <ele>1594.5</ele>
      </trkpt>
      <trkpt lat="47.471028" lon="10.202247">
        <ele>1598.5</ele>
      </trkpt>
      <trkpt lat="47.470998" lon="10.202256">
        <ele>1598.9</ele>
      </trkpt>
      <trkpt lat="47.47067" lon="10.202362">
        <ele>1603.0</ele>
      </trkpt>
      <trkpt lat="47.470477" lon="10.202461">
        <ele>1604.3</ele>
      </trkpt>
      <trkpt lat="47.470378" lon="10.202513">
        <ele>1604.3</ele>
      </trkpt>
      <trkpt lat="47.470237" lon="10.202451">
        <ele>1604.5</ele>
      </trkpt>
      <trkpt lat="47.469954" lon="10.202376">
        <ele>1603.5</ele>
      </trkpt>
      <trkpt lat="47.469635" lon="10.20235">
        <ele>1600.9</ele>
      </trkpt>
      <trkpt lat="47.469317" lon="10.202182">
        <ele>1599.7</ele>
      </trkpt>
      <trkpt lat="47.46927" lon="10.202131">
        <ele>1599.8</ele>
      </trkpt>
      <trkpt lat="47.469219" lon="10.202075">
        <ele>1600.0</ele>
      </trkpt>
      <trkpt lat="47.469157" lon="10.202053">
        <ele>1599.7</ele>
      </trkpt>
      <trkpt lat="47.469137" lon="10.202058">
        <ele>1599.5</ele>
      </trkpt>
      <trkpt lat="47.469043" lon="10.202079">
        <ele>1598.3</ele>
      </trkpt>
      <trkpt lat="47.468989" lon="10.202065">
        <ele>1597.9</ele>
      </trkpt>
      <trkpt lat="47.468832" lon="10.201988">
        <ele>1597.0</ele>
      </trkpt>
      <trkpt lat="47.468554" lon="10.201876">
        <ele>1595.4</ele>
      </trkpt>
      <trkpt lat="47.468403" lon="10.201753">
        <ele>1595.7</ele>
      </trkpt>
      <trkpt lat="47.468369" lon="10.20167">
        <ele>1596.3</ele>
      </trkpt>
      <trkpt lat="47.468322" lon="10.201607">
        <ele>1596.8</ele>
      </trkpt>
      <trkpt lat="47.468248" lon="10.201579">
        <ele>1597.0</ele>
      </trkpt>
      <trkpt lat="47.468138" lon="10.201589">
        <ele>1597.4</ele>
      </trkpt>
      <trkpt lat="47.467984" lon="10.201556">
        <ele>1599.1</ele>
      </trkpt>
      <trkpt lat="47.467677" lon="10.201482">
        <ele>1605.1</ele>
      </trkpt>
      <trkpt lat="47.467459" lon="10.20148">
        <ele>1610.1</ele>
      </trkpt>
      <trkpt lat="47.467166" lon="10.20149">
        <ele>1617.0</ele>
      </trkpt>
      <trkpt lat="47.466938" lon="10.201467">
        <ele>1622.7</ele>
      </trkpt>
      <trkpt lat="47.466884" lon="10.201462">
        <ele>1624.0</ele>
      </trkpt>
      <trkpt lat="47.46659" lon="10.201399">
        <ele>1631.3</ele>
      </trkpt>
      <trkpt lat="47.46623" lon="10.20134">
        <ele>1640.3</ele>
      </trkpt>
      <trkpt lat="47.46599" lon="10.201305">
        <ele>1646.8</ele>
      </trkpt>
      <trkpt lat="47.46575" lon="10.201269">
        <ele>1653.8</ele>
      </trkpt>
      <trkpt lat="47.465615" lon="10.201275">
        <ele>1656.9</ele>
      </trkpt>
      <trkpt lat="47.465579" lon="10.201277">
        <ele>1657.5</ele>
      </trkpt>
      <trkpt lat="47.465389" lon="10.201192">
        <ele>1661.2</ele>
      </trkpt>
      <trkpt lat="47.465269" lon="10.201131">
        <ele>1661.8</ele>
      </trkpt>
      <trkpt lat="47.465167" lon="10.20108">
        <ele>1662.3</ele>
      </trkpt>
      <trkpt lat="47.465083" lon="10.201013">
        <ele>1662.5</ele>
      </trkpt>
      <trkpt lat="47.46494" lon="10.200831">
        <ele>1661.4</ele>
      </trkpt>
      <trkpt lat="47.46479" lon="10.200685">
        <ele>1659.5</ele>
      </trkpt>
      <trkpt lat="47.464712" lon="10.200613">
        <ele>1658.5</ele>
      </trkpt>
      <trkpt lat="47.464595" lon="10.200497">
        <ele>1656.1</ele>
      </trkpt>
      <trkpt lat="47.464556" lon="10.200458">
        <ele>1654.8</ele>
      </trkpt>
      <trkpt lat="47.464542" lon="10.200436">
        <ele>1654.2</ele>
      </trkpt>
      <trkpt lat="47.464411" lon="10.200479">
        <ele>1649.4</ele>
      </trkpt>
      <trkpt lat="47.464257" lon="10.200636">
        <ele>1643.1</ele>
      </trkpt>
      <trkpt lat="47.4642" lon="10.200704">
        <ele>1640.2</ele>
      </trkpt>
      <trkpt lat="47.46419" lon="10.200798">
        <ele>1639.2</ele>
      </trkpt>
      <trkpt lat="47.464186" lon="10.200834">
        <ele>1638.6</ele>
      </trkpt>
      <trkpt lat="47.464182" lon="10.200941">
        <ele>1636.9</ele>
      </trkpt>
      <trkpt lat="47.46415" lon="10.200979">
        <ele>1634.8</ele>
      </trkpt>
      <trkpt lat="47.464105" lon="10.200981">
        <ele>1632.8</ele>
      </trkpt>
      <trkpt lat="47.46405" lon="10.200942">
        <ele>1630.6</ele>
      </trkpt>
      <trkpt lat="47.464016" lon="10.200881">
        <ele>1629.3</ele>
      </trkpt>
      <trkpt lat="47.463999" lon="10.200852">
        <ele>1628.6</ele>
      </trkpt>
      <trkpt lat="47.46396" lon="10.200836">
        <ele>1626.5</ele>
      </trkpt>
      <trkpt lat="47.463906" lon="10.200852">
        <ele>1623.6</ele>
      </trkpt>
      <trkpt lat="47.463838" lon="10.200901">
        <ele>1620.2</ele>
      </trkpt>
      <trkpt lat="47.463752" lon="10.201007">
        <ele>1616.2</ele>
      </trkpt>
      <trkpt lat="47.463707" lon="10.201103">
        <ele>1614.0</ele>
      </trkpt>
      <trkpt lat="47.463716" lon="10.201189">
        <ele>1614.0</ele>
      </trkpt>
      <trkpt lat="47.463751" lon="10.201267">
        <ele>1614.6</ele>
      </trkpt>
      <trkpt lat="47.463666" lon="10.201469">
        <ele>1609.0</ele>
      </trkpt>
      <trkpt lat="47.463585" lon="10.201557">
        <ele>1605.0</ele>
      </trkpt>
      <trkpt lat="47.463477" lon="10.201618">
        <ele>1600.9</ele>
      </trkpt>
      <trkpt lat="47.463435" lon="10.201733">
        <ele>1596.9</ele>
      </trkpt>
      <trkpt lat="47.463382" lon="10.201933">
        <ele>1589.0</ele>
      </trkpt>
      <trkpt lat="47.463315" lon="10.202059">
        <ele>1583.2</ele>
      </trkpt>
      <trkpt lat="47.463171" lon="10.202187">
        <ele>1576.8</ele>
      </trkpt>
      <trkpt lat="47.463147" lon="10.202223">
        <ele>1575.2</ele>
      </trkpt>
      <trkpt lat="47.463078" lon="10.202332">
        <ele>1570.4</ele>
      </trkpt>
      <trkpt lat="47.462854" lon="10.202587">
        <ele>1559.7</ele>
      </trkpt>
      <trkpt lat="47.462667" lon="10.202811">
        <ele>1550.0</ele>
      </trkpt>
      <trkpt lat="47.462367" lon="10.203078">
        <ele>1541.3</ele>
      </trkpt>
      <trkpt lat="47.46199" lon="10.203385">
        <ele>1532.6</ele>
      </trkpt>
      <trkpt lat="47.461731" lon="10.203772">
        <ele>1524.1</ele>
      </trkpt>
      <trkpt lat="47.461715" lon="10.20376">
        <ele>1524.7</ele>
      </trkpt>
      <trkpt lat="47.46169" lon="10.203673">
        <ele>1526.1</ele>
      </trkpt>
      <trkpt lat="47.461697" lon="10.203542">
        <ele>1527.1</ele>
      </trkpt>
      <trkpt lat="47.461719" lon="10.203444">
        <ele>1528.0</ele>
      </trkpt>
      <trkpt lat="47.461804" lon="10.203244">
        <ele>1530.5</ele>
      </trkpt>
      <trkpt lat="47.461894" lon="10.203055">
        <ele>1532.2</ele>
      </trkpt>
      <trkpt lat="47.462039" lon="10.202716">
        <ele>1533.4</ele>
      </trkpt>
      <trkpt lat="47.462049" lon="10.202692">
        <ele>1533.5</ele>
      </trkpt>
      <trkpt lat="47.462106" lon="10.202536">
        <ele>1532.9</ele>
      </trkpt>
      <trkpt lat="47.462204" lon="10.202198">
        <ele>1531.7</ele>
      </trkpt>
      <trkpt lat="47.462232" lon="10.202056">
        <ele>1531.1</ele>
      </trkpt>
      <trkpt lat="47.462302" lon="10.201707">
        <ele>1529.6</ele>
      </trkpt>
      <trkpt lat="47.462371" lon="10.201359">
        <ele>1527.4</ele>
      </trkpt>
      <trkpt lat="47.462468" lon="10.200756">
        <ele>1523.8</ele>
      </trkpt>
      <trkpt lat="47.462565" lon="10.200152">
        <ele>1523.5</ele>
      </trkpt>
      <trkpt lat="47.462662" lon="10.199549">
        <ele>1520.5</ele>
      </trkpt>
      <trkpt lat="47.462711" lon="10.199364">
        <ele>1519.6</ele>
      </trkpt>
      <trkpt lat="47.462767" lon="10.199198">
        <ele>1519.0</ele>
      </trkpt>
      <trkpt lat="47.462798" lon="10.199033">
        <ele>1518.5</ele>
      </trkpt>
      <trkpt lat="47.462818" lon="10.198824">
        <ele>1516.7</ele>
      </trkpt>
      <trkpt lat="47.46286" lon="10.198581">
        <ele>1515.7</ele>
      </trkpt>
      <trkpt lat="47.462905" lon="10.198385">
        <ele>1514.3</ele>
      </trkpt>
      <trkpt lat="47.462943" lon="10.198257">
        <ele>1513.8</ele>
      </trkpt>
      <trkpt lat="47.46298" lon="10.197716">
        <ele>1509.9</ele>
      </trkpt>
      <trkpt lat="47.463091" lon="10.197139">
        <ele>1509.0</ele>
      </trkpt>
      <trkpt lat="47.46317" lon="10.19656">
        <ele>1508.6</ele>
      </trkpt>
      <trkpt lat="47.463157" lon="10.196426">
        <ele>1506.6</ele>
      </trkpt>
      <trkpt lat="47.46312" lon="10.196222">
        <ele>1503.9</ele>
      </trkpt>
      <trkpt lat="47.46309" lon="10.196004">
        <ele>1501.0</ele>
      </trkpt>
      <trkpt lat="47.463084" lon="10.195756">
        <ele>1500.7</ele>
      </trkpt>
      <trkpt lat="47.463069" lon="10.195467">
        <ele>1500.6</ele>
      </trkpt>
      <trkpt lat="47.463062" lon="10.195175">
        <ele>1498.9</ele>
      </trkpt>
      <trkpt lat="47.463047" lon="10.194836">
        <ele>1497.6</ele>
      </trkpt>
      <trkpt lat="47.463017" lon="10.194424">
        <ele>1497.1</ele>
      </trkpt>
      <trkpt lat="47.462982" lon="10.194075">
        <ele>1497.4</ele>
      </trkpt>
      <trkpt lat="47.462925" lon="10.193619">
        <ele>1494.9</ele>
      </trkpt>
      <trkpt lat="47.462923" lon="10.193607">
        <ele>1494.8</ele>
      </trkpt>
      <trkpt lat="47.462891" lon="10.193402">
        <ele>1494.4</ele>
      </trkpt>
      <trkpt lat="47.462843" lon="10.193287">
        <ele>1492.9</ele>
      </trkpt>
      <trkpt lat="47.462782" lon="10.19316">
        <ele>1491.4</ele>
      </trkpt>
      <trkpt lat="47.462718" lon="10.193054">
        <ele>1489.7</ele>
      </trkpt>
      <trkpt lat="47.462618" lon="10.192905">
        <ele>1486.6</ele>
      </trkpt>
      <trkpt lat="47.462541" lon="10.192755">
        <ele>1484.7</ele>
      </trkpt>
      <trkpt lat="47.462477" lon="10.192599">
        <ele>1483.1</ele>
      </trkpt>
      <trkpt lat="47.462433" lon="10.192395">
        <ele>1482.7</ele>
      </trkpt>
      <trkpt lat="47.462328" lon="10.192135">
        <ele>1477.5</ele>
      </trkpt>
      <trkpt lat="47.462157" lon="10.191766">
        <ele>1471.1</ele>
      </trkpt>
      <trkpt lat="47.46208" lon="10.191553">
        <ele>1469.0</ele>
      </trkpt>
      <trkpt lat="47.462052" lon="10.191468">
        <ele>1468.1</ele>
      </trkpt>
      <trkpt lat="47.461977" lon="10.191233">
        <ele>1464.9</ele>
      </trkpt>
      <trkpt lat="47.46183" lon="10.190823">
        <ele>1459.8</ele>
      </trkpt>
      <trkpt lat="47.461607" lon="10.190313">
        <ele>1453.7</ele>
      </trkpt>
      <trkpt lat="47.461576" lon="10.190227">
        <ele>1453.0</ele>
      </trkpt>
      <trkpt lat="47.461561" lon="10.189996">
        <ele>1453.2</ele>
      </trkpt>
      <trkpt lat="47.461553" lon="10.189701">
        <ele>1452.2</ele>
      </trkpt>
      <trkpt lat="47.461525" lon="10.189479">
        <ele>1450.9</ele>
      </trkpt>
      <trkpt lat="47.461521" lon="10.18945">
        <ele>1450.7</ele>
      </trkpt>
      <trkpt lat="47.46146" lon="10.189205">
        <ele>1448.9</ele>
      </trkpt>
      <trkpt lat="47.46141" lon="10.188968">
        <ele>1447.8</ele>
      </trkpt>
      <trkpt lat="47.461373" lon="10.188762">
        <ele>1447.3</ele>
      </trkpt>
      <trkpt lat="47.461354" lon="10.188508">
        <ele>1449.1</ele>
      </trkpt>
      <trkpt lat="47.461361" lon="10.188305">
        <ele>1451.1</ele>
      </trkpt>
      <trkpt lat="47.461378" lon="10.188057">
        <ele>1453.9</ele>
      </trkpt>
      <trkpt lat="47.461369" lon="10.187677">
        <ele>1456.7</ele>
      </trkpt>
      <trkpt lat="47.461338" lon="10.187388">
        <ele>1459.4</ele>
      </trkpt>
      <trkpt lat="47.461316" lon="10.187254">
        <ele>1460.9</ele>
      </trkpt>
      <trkpt lat="47.461323" lon="10.187129">
        <ele>1463.1</ele>
      </trkpt>
      <trkpt lat="47.461376" lon="10.186953">
        <ele>1467.1</ele>
      </trkpt>
      <trkpt lat="47.461425" lon="10.186673">
        <ele>1471.2</ele>
      </trkpt>
      <trkpt lat="47.461442" lon="10.186427">
        <ele>1473.7</ele>
      </trkpt>
      <trkpt lat="47.461426" lon="10.186238">
        <ele>1477.7</ele>
      </trkpt>
      <trkpt lat="47.461375" lon="10.186047">
        <ele>1480.4</ele>
      </trkpt>
      <trkpt lat="47.461237" lon="10.185841">
        <ele>1482.2</ele>
      </trkpt>
      <trkpt lat="47.461059" lon="10.185614">
        <ele>1486.5</ele>
      </trkpt>
      <trkpt lat="47.460878" lon="10.185288">
        <ele>1492.4</ele>
      </trkpt>
      <trkpt lat="47.460762" lon="10.185003">
        <ele>1496.2</ele>
      </trkpt>
      <trkpt lat="47.460673" lon="10.18477">
        <ele>1497.9</ele>
      </trkpt>
      <trkpt lat="47.460629" lon="10.184616">
        <ele>1498.5</ele>
      </trkpt>
      <trkpt lat="47.460617" lon="10.184538">
        <ele>1498.7</ele>
      </trkpt>
      <trkpt lat="47.460623" lon="10.184396">
        <ele>1499.6</ele>
      </trkpt>
      <trkpt lat="47.460634" lon="10.184311">
        <ele>1500.3</ele>
      </trkpt>
      <trkpt lat="47.460637" lon="10.184298">
        <ele>1500.4</ele>
      </trkpt>
      <trkpt lat="47.460639" lon="10.184291">
        <ele>1500.5</ele>
      </trkpt>
      <trkpt lat="47.460648" lon="10.184276">
        <ele>1500.9</ele>
      </trkpt>
      <trkpt lat="47.460667" lon="10.184254">
        <ele>1501.7</ele>
      </trkpt>
      <trkpt lat="47.460685" lon="10.184242">
        <ele>1502.4</ele>
      </trkpt>
      <trkpt lat="47.460706" lon="10.184232">
        <ele>1503.2</ele>
      </trkpt>
      <trkpt lat="47.460702" lon="10.184212">
        <ele>1503.1</ele>
      </trkpt>
      <trkpt lat="47.460685" lon="10.184134">
        <ele>1502.9</ele>
      </trkpt>
      <trkpt lat="47.460667" lon="10.18405">
        <ele>1503.0</ele>
      </trkpt>
      <trkpt lat="47.46065" lon="10.183979">
        <ele>1503.0</ele>
      </trkpt>
      <trkpt lat="47.460636" lon="10.183894">
        <ele>1503.5</ele>
      </trkpt>
      <trkpt lat="47.460619" lon="10.183788">
        <ele>1504.1</ele>
      </trkpt>
      <trkpt lat="47.460598" lon="10.183727">
        <ele>1504.3</ele>
      </trkpt>
      <trkpt lat="47.460576" lon="10.183697">
        <ele>1504.0</ele>
      </trkpt>
      <trkpt lat="47.460494" lon="10.183442">
        <ele>1505.3</ele>
      </trkpt>
      <trkpt lat="47.460396" lon="10.183218">
        <ele>1505.7</ele>
      </trkpt>
      <trkpt lat="47.46036" lon="10.183142">
        <ele>1505.6</ele>
      </trkpt>
      <trkpt lat="47.460328" lon="10.183051">
        <ele>1505.6</ele>
      </trkpt>
      <trkpt lat="47.460325" lon="10.18298">
        <ele>1506.2</ele>
      </trkpt>
      <trkpt lat="47.460297" lon="10.182864">
        <ele>1506.5</ele>
      </trkpt>
      <trkpt lat="47.460241" lon="10.182695">
        <ele>1506.8</ele>
      </trkpt>
      <trkpt lat="47.460151" lon="10.182357">
        <ele>1508.5</ele>
      </trkpt>
      <trkpt lat="47.460098" lon="10.181969">
        <ele>1512.5</ele>
      </trkpt>
      <trkpt lat="47.460039" lon="10.181682">
        <ele>1514.9</ele>
      </trkpt>
      <trkpt lat="47.460029" lon="10.181481">
        <ele>1517.3</ele>
      </trkpt>
      <trkpt lat="47.460031" lon="10.181349">
        <ele>1519.1</ele>
      </trkpt>
      <trkpt lat="47.459952" lon="10.181213">
        <ele>1517.9</ele>
      </trkpt>
      <trkpt lat="47.459858" lon="10.18101">
        <ele>1517.0</ele>
      </trkpt>
      <trkpt lat="47.459775" lon="10.180851">
        <ele>1516.1</ele>
      </trkpt>
      <trkpt lat="47.459571" lon="10.180601">
        <ele>1515.9</ele>
      </trkpt>
      <trkpt lat="47.459462" lon="10.18051">
        <ele>1515.9</ele>
      </trkpt>
      <trkpt lat="47.459341" lon="10.180425">
        <ele>1516.2</ele>
      </trkpt>
      <trkpt lat="47.459244" lon="10.180344">
        <ele>1517.2</ele>
      </trkpt>
      <trkpt lat="47.459085" lon="10.180223">
        <ele>1515.5</ele>
      </trkpt>
      <trkpt lat="47.458974" lon="10.180107">
        <ele>1513.5</ele>
      </trkpt>
      <trkpt lat="47.458909" lon="10.179956">
        <ele>1513.6</ele>
      </trkpt>
      <trkpt lat="47.458865" lon="10.179823">
        <ele>1514.1</ele>
      </trkpt>
      <trkpt lat="47.45883" lon="10.179723">
        <ele>1514.4</ele>
      </trkpt>
      <trkpt lat="47.458722" lon="10.179476">
        <ele>1513.9</ele>
      </trkpt>
      <trkpt lat="47.458718" lon="10.179377">
        <ele>1515.5</ele>
      </trkpt>
      <trkpt lat="47.458656" lon="10.179153">
        <ele>1516.8</ele>
      </trkpt>
      <trkpt lat="47.458647" lon="10.179102">
        <ele>1517.4</ele>
      </trkpt>
      <trkpt lat="47.458604" lon="10.178854">
        <ele>1520.1</ele>
      </trkpt>
      <trkpt lat="47.458524" lon="10.178564">
        <ele>1521.8</ele>
      </trkpt>
      <trkpt lat="47.458511" lon="10.178403">
        <ele>1523.8</ele>
      </trkpt>
      <trkpt lat="47.458478" lon="10.178261">
        <ele>1524.5</ele>
      </trkpt>
      <trkpt lat="47.458325" lon="10.177834">
        <ele>1524.0</ele>
      </trkpt>
      <trkpt lat="47.458305" lon="10.17776">
        <ele>1524.1</ele>
      </trkpt>
      <trkpt lat="47.458277" lon="10.177538">
        <ele>1525.2</ele>
      </trkpt>
      <trkpt lat="47.458235" lon="10.177276">
        <ele>1525.9</ele>
      </trkpt>
      <trkpt lat="47.458196" lon="10.177036">
        <ele>1526.3</ele>
      </trkpt>
      <trkpt lat="47.458111" lon="10.176753">
        <ele>1525.4</ele>
      </trkpt>
      <trkpt lat="47.458076" lon="10.176531">
        <ele>1525.6</ele>
      </trkpt>
      <trkpt lat="47.458062" lon="10.17644">
        <ele>1525.6</ele>
      </trkpt>
      <trkpt lat="47.457964" lon="10.176134">
        <ele>1524.7</ele>
      </trkpt>
      <trkpt lat="47.457878" lon="10.175763">
        <ele>1524.2</ele>
      </trkpt>
      <trkpt lat="47.457816" lon="10.175444">
        <ele>1525.9</ele>
      </trkpt>
      <trkpt lat="47.457776" lon="10.175166">
        <ele>1526.4</ele>
      </trkpt>
      <trkpt lat="47.457721" lon="10.175013">
        <ele>1526.6</ele>
      </trkpt>
      <trkpt lat="47.457622" lon="10.174862">
        <ele>1527.2</ele>
      </trkpt>
      <trkpt lat="47.457569" lon="10.174608">
        <ele>1529.8</ele>
      </trkpt>
      <trkpt lat="47.457489" lon="10.174397">
        <ele>1531.1</ele>
      </trkpt>
      <trkpt lat="47.457418" lon="10.173995">
        <ele>1531.7</ele>
      </trkpt>
      <trkpt lat="47.457357" lon="10.173718">
        <ele>1531.4</ele>
      </trkpt>
      <trkpt lat="47.457338" lon="10.173595">
        <ele>1531.0</ele>
      </trkpt>
      <trkpt lat="47.457313" lon="10.173434">
        <ele>1530.6</ele>
      </trkpt>
      <trkpt lat="47.457278" lon="10.173144">
        <ele>1533.0</ele>
      </trkpt>
      <trkpt lat="47.45721" lon="10.172932">
        <ele>1534.3</ele>
      </trkpt>
      <trkpt lat="47.457134" lon="10.172739">
        <ele>1534.5</ele>
      </trkpt>
      <trkpt lat="47.457083" lon="10.172452">
        <ele>1535.2</ele>
      </trkpt>
      <trkpt lat="47.457144" lon="10.17225">
        <ele>1536.8</ele>
      </trkpt>
      <trkpt lat="47.457188" lon="10.171989">
        <ele>1538.2</ele>
      </trkpt>
      <trkpt lat="47.457181" lon="10.171751">
        <ele>1540.3</ele>
      </trkpt>
      <trkpt lat="47.457122" lon="10.171317">
        <ele>1543.0</ele>
      </trkpt>
      <trkpt lat="47.457088" lon="10.170984">
        <ele>1548.1</ele>
      </trkpt>
      <trkpt lat="47.457055" lon="10.170652">
        <ele>1552.9</ele>
      </trkpt>
      <trkpt lat="47.457027" lon="10.170478">
        <ele>1554.9</ele>
      </trkpt>
      <trkpt lat="47.456947" lon="10.170256">
        <ele>1555.3</ele>
      </trkpt>
      <trkpt lat="47.456863" lon="10.169821">
        <ele>1558.5</ele>
      </trkpt>
      <trkpt lat="47.45676" lon="10.16948">
        <ele>1558.4</ele>
      </trkpt>
      <trkpt lat="47.456758" lon="10.169472">
        <ele>1558.4</ele>
      </trkpt>
      <trkpt lat="47.456698" lon="10.169307">
        <ele>1559.2</ele>
      </trkpt>
      <trkpt lat="47.456532" lon="10.168994">
        <ele>1558.0</ele>
      </trkpt>
      <trkpt lat="47.456466" lon="10.168859">
        <ele>1556.5</ele>
      </trkpt>
      <trkpt lat="47.456369" lon="10.168631">
        <ele>1555.9</ele>
      </trkpt>
      <trkpt lat="47.456308" lon="10.168532">
        <ele>1555.5</ele>
      </trkpt>
      <trkpt lat="47.456182" lon="10.1683">
        <ele>1556.2</ele>
      </trkpt>
      <trkpt lat="47.456167" lon="10.168269">
        <ele>1556.1</ele>
      </trkpt>
      <trkpt lat="47.456136" lon="10.16817">
        <ele>1556.0</ele>
      </trkpt>
      <trkpt lat="47.456104" lon="10.168063">
        <ele>1555.0</ele>
      </trkpt>
      <trkpt lat="47.456089" lon="10.167978">
        <ele>1555.1</ele>
      </trkpt>
      <trkpt lat="47.4561" lon="10.167839">
        <ele>1556.3</ele>
      </trkpt>
      <trkpt lat="47.456094" lon="10.167674">
        <ele>1557.8</ele>
      </trkpt>
      <trkpt lat="47.456058" lon="10.167541">
        <ele>1558.5</ele>
      </trkpt>
      <trkpt lat="47.456056" lon="10.167097">
        <ele>1563.4</ele>
      </trkpt>
      <trkpt lat="47.456029" lon="10.166869">
        <ele>1566.4</ele>
      </trkpt>
      <trkpt lat="47.45609" lon="10.166686">
        <ele>1573.5</ele>
      </trkpt>
      <trkpt lat="47.456121" lon="10.166572">
        <ele>1578.2</ele>
      </trkpt>
      <trkpt lat="47.456093" lon="10.166414">
        <ele>1581.5</ele>
      </trkpt>
      <trkpt lat="47.456017" lon="10.166307">
        <ele>1581.2</ele>
      </trkpt>
      <trkpt lat="47.455904" lon="10.166287">
        <ele>1579.0</ele>
      </trkpt>
      <trkpt lat="47.455773" lon="10.16631">
        <ele>1576.3</ele>
      </trkpt>
      <trkpt lat="47.455584" lon="10.166139">
        <ele>1579.6</ele>
      </trkpt>
      <trkpt lat="47.455364" lon="10.166073">
        <ele>1580.4</ele>
      </trkpt>
      <trkpt lat="47.455091" lon="10.166005">
        <ele>1581.3</ele>
      </trkpt>
      <trkpt lat="47.454924" lon="10.166054">
        <ele>1578.8</ele>
      </trkpt>
      <trkpt lat="47.454773" lon="10.166241">
        <ele>1572.7</ele>
      </trkpt>
      <trkpt lat="47.454613" lon="10.166019">
        <ele>1577.8</ele>
      </trkpt>
      <trkpt lat="47.454545" lon="10.16596">
        <ele>1579.6</ele>
      </trkpt>
      <trkpt lat="47.454508" lon="10.165928">
        <ele>1580.7</ele>
      </trkpt>
      <trkpt lat="47.45439" lon="10.165909">
        <ele>1582.0</ele>
      </trkpt>
      <trkpt lat="47.454264" lon="10.165888">
        <ele>1582.9</ele>
      </trkpt>
      <trkpt lat="47.454242" lon="10.165895">
        <ele>1582.9</ele>
      </trkpt>
      <trkpt lat="47.454083" lon="10.165942">
        <ele>1585.7</ele>
      </trkpt>
      <trkpt lat="47.453994" lon="10.165973">
        <ele>1586.5</ele>
      </trkpt>
      <trkpt lat="47.453884" lon="10.16592">
        <ele>1587.5</ele>
      </trkpt>
      <trkpt lat="47.453823" lon="10.16587">
        <ele>1587.8</ele>
      </trkpt>
      <trkpt lat="47.453805" lon="10.165856">
        <ele>1588.0</ele>
      </trkpt>
      <trkpt lat="47.453722" lon="10.16584">
        <ele>1588.3</ele>
      </trkpt>
      <trkpt lat="47.453664" lon="10.165841">
        <ele>1588.5</ele>
      </trkpt>
      <trkpt lat="47.453647" lon="10.165848">
        <ele>1588.6</ele>
      </trkpt>
      <trkpt lat="47.453607" lon="10.165862">
        <ele>1589.0</ele>
      </trkpt>
      <trkpt lat="47.453563" lon="10.165911">
        <ele>1589.9</ele>
      </trkpt>
      <trkpt lat="47.45354" lon="10.165988">
        <ele>1590.5</ele>
      </trkpt>
      <trkpt lat="47.453478" lon="10.166084">
        <ele>1591.5</ele>
      </trkpt>
      <trkpt lat="47.453389" lon="10.166116">
        <ele>1592.7</ele>
      </trkpt>
      <trkpt lat="47.4533" lon="10.166119">
        <ele>1594.2</ele>
      </trkpt>
      <trkpt lat="47.45318" lon="10.166217">
        <ele>1595.1</ele>
      </trkpt>
      <trkpt lat="47.453056" lon="10.166373">
        <ele>1596.0</ele>
      </trkpt>
      <trkpt lat="47.452957" lon="10.166528">
        <ele>1595.9</ele>
      </trkpt>
      <trkpt lat="47.452906" lon="10.16653">
        <ele>1595.9</ele>
      </trkpt>
      <trkpt lat="47.452701" lon="10.16626">
        <ele>1595.6</ele>
      </trkpt>
      <trkpt lat="47.452674" lon="10.166224">
        <ele>1595.8</ele>
      </trkpt>
      <trkpt lat="47.452638" lon="10.166198">
        <ele>1596.0</ele>
      </trkpt>
      <trkpt lat="47.452563" lon="10.166142">
        <ele>1597.3</ele>
      </trkpt>
      <trkpt lat="47.452543" lon="10.166148">
        <ele>1597.4</ele>
      </trkpt>
      <trkpt lat="47.452487" lon="10.166164">
        <ele>1597.5</ele>
      </trkpt>
      <trkpt lat="47.452419" lon="10.16628">
        <ele>1596.1</ele>
      </trkpt>
      <trkpt lat="47.452325" lon="10.166359">
        <ele>1595.5</ele>
      </trkpt>
      <trkpt lat="47.452242" lon="10.166333">
        <ele>1595.7</ele>
      </trkpt>
      <trkpt lat="47.452184" lon="10.166335">
        <ele>1599.0</ele>
      </trkpt>
      <trkpt lat="47.452194" lon="10.166505">
        <ele>1599.2</ele>
      </trkpt>
      <trkpt lat="47.452129" lon="10.166647">
        <ele>1601.1</ele>
      </trkpt>
      <trkpt lat="47.451997" lon="10.167021">
        <ele>1602.7</ele>
      </trkpt>
      <trkpt lat="47.45196" lon="10.167082">
        <ele>1603.2</ele>
      </trkpt>
      <trkpt lat="47.451856" lon="10.167254">
        <ele>1606.9</ele>
      </trkpt>
      <trkpt lat="47.451754" lon="10.167532">
        <ele>1609.4</ele>
      </trkpt>
      <trkpt lat="47.4516" lon="10.167802">
        <ele>1611.7</ele>
      </trkpt>
      <trkpt lat="47.451459" lon="10.168035">
        <ele>1612.8</ele>
      </trkpt>
      <trkpt lat="47.451297" lon="10.16821">
        <ele>1617.5</ele>
      </trkpt>
      <trkpt lat="47.451205" lon="10.168403">
        <ele>1620.0</ele>
      </trkpt>
      <trkpt lat="47.451166" lon="10.168641">
        <ele>1619.5</ele>
      </trkpt>
      <trkpt lat="47.451103" lon="10.169156">
        <ele>1621.5</ele>
      </trkpt>
      <trkpt lat="47.45103" lon="10.169319">
        <ele>1624.7</ele>
      </trkpt>
      <trkpt lat="47.450944" lon="10.169367">
        <ele>1626.6</ele>
      </trkpt>
      <trkpt lat="47.450913" lon="10.169384">
        <ele>1626.9</ele>
      </trkpt>
      <trkpt lat="47.450903" lon="10.16939">
        <ele>1626.9</ele>
      </trkpt>
      <trkpt lat="47.450849" lon="10.169469">
        <ele>1626.9</ele>
      </trkpt>
      <trkpt lat="47.450821" lon="10.169472">
        <ele>1626.5</ele>
      </trkpt>
      <trkpt lat="47.450779" lon="10.16939">
        <ele>1625.1</ele>
      </trkpt>
      <trkpt lat="47.450748" lon="10.16933">
        <ele>1624.1</ele>
      </trkpt>
      <trkpt lat="47.450693" lon="10.169218">
        <ele>1621.9</ele>
      </trkpt>
      <trkpt lat="47.450652" lon="10.169164">
        <ele>1620.0</ele>
      </trkpt>
      <trkpt lat="47.450627" lon="10.169165">
        <ele>1618.9</ele>
      </trkpt>
      <trkpt lat="47.450609" lon="10.169225">
        <ele>1618.0</ele>
      </trkpt>
      <trkpt lat="47.450564" lon="10.169327">
        <ele>1616.0</ele>
      </trkpt>
      <trkpt lat="47.450554" lon="10.169381">
        <ele>1615.6</ele>
      </trkpt>
      <trkpt lat="47.45053" lon="10.169503">
        <ele>1614.9</ele>
      </trkpt>
      <trkpt lat="47.450474" lon="10.169711">
        <ele>1613.3</ele>
      </trkpt>
      <trkpt lat="47.450375" lon="10.169911">
        <ele>1609.9</ele>
      </trkpt>
      <trkpt lat="47.450312" lon="10.170088">
        <ele>1608.4</ele>
      </trkpt>
      <trkpt lat="47.450273" lon="10.17018">
        <ele>1607.3</ele>
      </trkpt>
      <trkpt lat="47.450258" lon="10.170187">
        <ele>1606.6</ele>
      </trkpt>
      <trkpt lat="47.45024" lon="10.170195">
        <ele>1605.7</ele>
      </trkpt>
      <trkpt lat="47.450198" lon="10.170156">
        <ele>1603.1</ele>
      </trkpt>
      <trkpt lat="47.450167" lon="10.16996">
        <ele>1599.4</ele>
      </trkpt>
      <trkpt lat="47.450133" lon="10.169723">
        <ele>1595.4</ele>
      </trkpt>
      <trkpt lat="47.45012" lon="10.169531">
        <ele>1593.0</ele>
      </trkpt>
      <trkpt lat="47.450113" lon="10.169457">
        <ele>1592.2</ele>
      </trkpt>
      <trkpt lat="47.450066" lon="10.169432">
        <ele>1589.6</ele>
      </trkpt>
      <trkpt lat="47.450027" lon="10.169511">
        <ele>1587.9</ele>
      </trkpt>
      <trkpt lat="47.449966" lon="10.1696">
        <ele>1585.3</ele>
      </trkpt>
      <trkpt lat="47.449865" lon="10.169736">
        <ele>1581.1</ele>
      </trkpt>
      <trkpt lat="47.449803" lon="10.169885">
        <ele>1578.7</ele>
      </trkpt>
      <trkpt lat="47.449704" lon="10.17015">
        <ele>1575.3</ele>
      </trkpt>
      <trkpt lat="47.449646" lon="10.170413">
        <ele>1574.4</ele>
      </trkpt>
      <trkpt lat="47.449617" lon="10.170497">
        <ele>1573.5</ele>
      </trkpt>
      <trkpt lat="47.449584" lon="10.170594">
        <ele>1572.5</ele>
      </trkpt>
      <trkpt lat="47.449552" lon="10.170746">
        <ele>1572.2</ele>
      </trkpt>
      <trkpt lat="47.449556" lon="10.170849">
        <ele>1573.5</ele>
      </trkpt>
      <trkpt lat="47.449558" lon="10.170934">
        <ele>1574.7</ele>
      </trkpt>
      <trkpt lat="47.449539" lon="10.17109">
        <ele>1575.2</ele>
      </trkpt>
      <trkpt lat="47.449479" lon="10.171198">
        <ele>1572.6</ele>
      </trkpt>
      <trkpt lat="47.449441" lon="10.171258">
        <ele>1571.0</ele>
      </trkpt>
      <trkpt lat="47.449397" lon="10.171329">
        <ele>1568.9</ele>
      </trkpt>
      <trkpt lat="47.449359" lon="10.171513">
        <ele>1567.3</ele>
      </trkpt>
      <trkpt lat="47.449325" lon="10.171716">
        <ele>1565.2</ele>
      </trkpt>
      <trkpt lat="47.449291" lon="10.171873">
        <ele>1563.2</ele>
      </trkpt>
      <trkpt lat="47.449258" lon="10.171984">
        <ele>1561.4</ele>
      </trkpt>
      <trkpt lat="47.449169" lon="10.17206">
        <ele>1556.1</ele>
      </trkpt>
      <trkpt lat="47.449087" lon="10.172196">
        <ele>1551.2</ele>
      </trkpt>
      <trkpt lat="47.449067" lon="10.172254">
        <ele>1550.0</ele>
      </trkpt>
      <trkpt lat="47.449025" lon="10.172377">
        <ele>1547.8</ele>
      </trkpt>
      <trkpt lat="47.449011" lon="10.172476">
        <ele>1547.1</ele>
      </trkpt>
      <trkpt lat="47.449003" lon="10.172538">
        <ele>1546.6</ele>
      </trkpt>
      <trkpt lat="47.448957" lon="10.172959">
        <ele>1544.0</ele>
      </trkpt>
      <trkpt lat="47.448943" lon="10.173271">
        <ele>1542.6</ele>
      </trkpt>
      <trkpt lat="47.448882" lon="10.17353">
        <ele>1537.2</ele>
      </trkpt>
      <trkpt lat="47.448814" lon="10.173747">
        <ele>1533.0</ele>
      </trkpt>
      <trkpt lat="47.448756" lon="10.174015">
        <ele>1530.4</ele>
      </trkpt>
      <trkpt lat="47.448651" lon="10.174225">
        <ele>1526.7</ele>
      </trkpt>
      <trkpt lat="47.44852" lon="10.174449">
        <ele>1523.3</ele>
      </trkpt>
      <trkpt lat="47.448371" lon="10.174633">
        <ele>1519.3</ele>
      </trkpt>
      <trkpt lat="47.448172" lon="10.174719">
        <ele>1512.8</ele>
      </trkpt>
      <trkpt lat="47.448074" lon="10.174753">
        <ele>1510.6</ele>
      </trkpt>
      <trkpt lat="47.447991" lon="10.174763">
        <ele>1508.9</ele>
      </trkpt>
      <trkpt lat="47.44798" lon="10.174764">
        <ele>1508.7</ele>
      </trkpt>
      <trkpt lat="47.447862" lon="10.174755">
        <ele>1506.2</ele>
      </trkpt>
      <trkpt lat="47.44774" lon="10.17475">
        <ele>1503.8</ele>
      </trkpt>
      <trkpt lat="47.447601" lon="10.174795">
        <ele>1501.5</ele>
      </trkpt>
      <trkpt lat="47.447501" lon="10.174843">
        <ele>1500.0</ele>
      </trkpt>
      <trkpt lat="47.447302" lon="10.174967">
        <ele>1497.6</ele>
      </trkpt>
      <trkpt lat="47.447243" lon="10.174985">
        <ele>1496.9</ele>
      </trkpt>
      <trkpt lat="47.447056" lon="10.174981">
        <ele>1495.3</ele>
      </trkpt>
      <trkpt lat="47.446892" lon="10.175054">
        <ele>1494.4</ele>
      </trkpt>
      <trkpt lat="47.446777" lon="10.175112">
        <ele>1493.7</ele>
      </trkpt>
      <trkpt lat="47.446713" lon="10.175154">
        <ele>1493.2</ele>
      </trkpt>
      <trkpt lat="47.446692" lon="10.175168">
        <ele>1493.1</ele>
      </trkpt>
      <trkpt lat="47.446679" lon="10.175176">
        <ele>1492.9</ele>
      </trkpt>
      <trkpt lat="47.446535" lon="10.175239">
        <ele>1492.0</ele>
      </trkpt>
      <trkpt lat="47.446433" lon="10.175272">
        <ele>1491.5</ele>
      </trkpt>
      <trkpt lat="47.446306" lon="10.17528">
        <ele>1490.4</ele>
      </trkpt>
      <trkpt lat="47.446191" lon="10.17527">
        <ele>1488.9</ele>
      </trkpt>
      <trkpt lat="47.446053" lon="10.175272">
        <ele>1487.1</ele>
      </trkpt>
      <trkpt lat="47.445891" lon="10.175318">
        <ele>1485.2</ele>
      </trkpt>
      <trkpt lat="47.445666" lon="10.17543">
        <ele>1483.2</ele>
      </trkpt>
      <trkpt lat="47.445493" lon="10.175537">
        <ele>1482.1</ele>
      </trkpt>
      <trkpt lat="47.445407" lon="10.175611">
        <ele>1481.7</ele>
      </trkpt>
      <trkpt lat="47.445338" lon="10.175684">
        <ele>1481.6</ele>
      </trkpt>
      <trkpt lat="47.445287" lon="10.1757">
        <ele>1481.0</ele>
      </trkpt>
      <trkpt lat="47.445157" lon="10.175734">
        <ele>1478.9</ele>
      </trkpt>
      <trkpt lat="47.445091" lon="10.175743">
        <ele>1477.4</ele>
      </trkpt>
      <trkpt lat="47.445044" lon="10.175788">
        <ele>1476.1</ele>
      </trkpt>
      <trkpt lat="47.444963" lon="10.176028">
        <ele>1473.8</ele>
      </trkpt>
      <trkpt lat="47.44491" lon="10.176124">
        <ele>1472.2</ele>
      </trkpt>
      <trkpt lat="47.444861" lon="10.176183">
        <ele>1471.0</ele>
      </trkpt>
      <trkpt lat="47.44482" lon="10.176201">
        <ele>1470.1</ele>
      </trkpt>
      <trkpt lat="47.444785" lon="10.176178">
        <ele>1469.2</ele>
      </trkpt>
      <trkpt lat="47.444701" lon="10.176043">
        <ele>1466.6</ele>
      </trkpt>
      <trkpt lat="47.444669" lon="10.176007">
        <ele>1465.6</ele>
      </trkpt>
      <trkpt lat="47.444624" lon="10.17598">
        <ele>1464.3</ele>
      </trkpt>
      <trkpt lat="47.444555" lon="10.175982">
        <ele>1462.6</ele>
      </trkpt>
      <trkpt lat="47.444134" lon="10.176076">
        <ele>1452.3</ele>
      </trkpt>
      <trkpt lat="47.444024" lon="10.176082">
        <ele>1449.7</ele>
      </trkpt>
      <trkpt lat="47.443916" lon="10.176099">
        <ele>1447.8</ele>
      </trkpt>
      <trkpt lat="47.443889" lon="10.176107">
        <ele>1447.4</ele>
      </trkpt>
      <trkpt lat="47.44385" lon="10.17612">
        <ele>1446.9</ele>
      </trkpt>
      <trkpt lat="47.443673" lon="10.176255">
        <ele>1445.6</ele>
      </trkpt>
      <trkpt lat="47.443573" lon="10.176313">
        <ele>1445.2</ele>
      </trkpt>
      <trkpt lat="47.443474" lon="10.176364">
        <ele>1444.7</ele>
      </trkpt>
      <trkpt lat="47.443391" lon="10.17638">
        <ele>1444.0</ele>
      </trkpt>
      <trkpt lat="47.443321" lon="10.176337">
        <ele>1443.0</ele>
      </trkpt>
      <trkpt lat="47.443231" lon="10.176232">
        <ele>1441.6</ele>
      </trkpt>
      <trkpt lat="47.443139" lon="10.176146">
        <ele>1440.2</ele>
      </trkpt>
      <trkpt lat="47.443023" lon="10.176073">
        <ele>1438.7</ele>
      </trkpt>
      <trkpt lat="47.442842" lon="10.176131">
        <ele>1437.2</ele>
      </trkpt>
      <trkpt lat="47.442711" lon="10.176174">
        <ele>1436.1</ele>
      </trkpt>
      <trkpt lat="47.442471" lon="10.176256">
        <ele>1433.4</ele>
      </trkpt>
      <trkpt lat="47.442434" lon="10.176267">
        <ele>1432.9</ele>
      </trkpt>
      <trkpt lat="47.442354" lon="10.176289">
        <ele>1431.7</ele>
      </trkpt>
      <trkpt lat="47.442379" lon="10.176162">
        <ele>1431.8</ele>
      </trkpt>
      <trkpt lat="47.442389" lon="10.176116">
        <ele>1431.8</ele>
      </trkpt>
      <trkpt lat="47.442405" lon="10.175888">
        <ele>1432.0</ele>
      </trkpt>
      <trkpt lat="47.442449" lon="10.17568">
        <ele>1432.2</ele>
      </trkpt>
      <trkpt lat="47.442455" lon="10.17565">
        <ele>1432.2</ele>
      </trkpt>
      <trkpt lat="47.442529" lon="10.175469">
        <ele>1430.8</ele>
      </trkpt>
      <trkpt lat="47.442621" lon="10.175357">
        <ele>1429.0</ele>
      </trkpt>
      <trkpt lat="47.442838" lon="10.175215">
        <ele>1427.8</ele>
      </trkpt>
      <trkpt lat="47.442924" lon="10.175149">
        <ele>1427.5</ele>
      </trkpt>
      <trkpt lat="47.443009" lon="10.175045">
        <ele>1426.4</ele>
      </trkpt>
      <trkpt lat="47.443042" lon="10.174976">
        <ele>1425.5</ele>
      </trkpt>
      <trkpt lat="47.443065" lon="10.174818">
        <ele>1423.7</ele>
      </trkpt>
      <trkpt lat="47.443063" lon="10.174691">
        <ele>1423.5</ele>
      </trkpt>
      <trkpt lat="47.443063" lon="10.174661">
        <ele>1423.6</ele>
      </trkpt>
      <trkpt lat="47.443051" lon="10.174594">
        <ele>1424.0</ele>
      </trkpt>
      <trkpt lat="47.443041" lon="10.174534">
        <ele>1424.5</ele>
      </trkpt>
      <trkpt lat="47.443034" lon="10.174519">
        <ele>1424.6</ele>
      </trkpt>
      <trkpt lat="47.442999" lon="10.174435">
        <ele>1425.6</ele>
      </trkpt>
      <trkpt lat="47.442937" lon="10.174374">
        <ele>1426.1</ele>
      </trkpt>
      <trkpt lat="47.442873" lon="10.174363">
        <ele>1426.0</ele>
      </trkpt>
      <trkpt lat="47.442798" lon="10.174379">
        <ele>1425.1</ele>
      </trkpt>
      <trkpt lat="47.442744" lon="10.174405">
        <ele>1424.0</ele>
      </trkpt>
      <trkpt lat="47.442613" lon="10.174385">
        <ele>1422.9</ele>
      </trkpt>
      <trkpt lat="47.442428" lon="10.174332">
        <ele>1422.0</ele>
      </trkpt>
      <trkpt lat="47.442337" lon="10.174268">
        <ele>1422.3</ele>
      </trkpt>
      <trkpt lat="47.442294" lon="10.174253">
        <ele>1422.3</ele>
      </trkpt>
      <trkpt lat="47.442174" lon="10.174211">
        <ele>1422.3</ele>
      </trkpt>
      <trkpt lat="47.441905" lon="10.174087">
        <ele>1423.2</ele>
      </trkpt>
      <trkpt lat="47.441847" lon="10.174068">
        <ele>1423.3</ele>
      </trkpt>
      <trkpt lat="47.441754" lon="10.174058">
        <ele>1422.8</ele>
      </trkpt>
      <trkpt lat="47.441658" lon="10.174024">
        <ele>1422.9</ele>
      </trkpt>
      <trkpt lat="47.441575" lon="10.173973">
        <ele>1423.5</ele>
      </trkpt>
      <trkpt lat="47.441499" lon="10.173916">
        <ele>1424.4</ele>
      </trkpt>
      <trkpt lat="47.441442" lon="10.173859">
        <ele>1425.2</ele>
      </trkpt>
      <trkpt lat="47.441428" lon="10.173844">
        <ele>1425.5</ele>
      </trkpt>
      <trkpt lat="47.441382" lon="10.173823">
        <ele>1425.7</ele>
      </trkpt>
      <trkpt lat="47.441293" lon="10.173816">
        <ele>1425.4</ele>
      </trkpt>
      <trkpt lat="47.441218" lon="10.173839">
        <ele>1424.7</ele>
      </trkpt>
      <trkpt lat="47.441134" lon="10.173842">
        <ele>1424.3</ele>
      </trkpt>
      <trkpt lat="47.441043" lon="10.173812">
        <ele>1424.4</ele>
      </trkpt>
      <trkpt lat="47.440883" lon="10.173747">
        <ele>1424.5</ele>
      </trkpt>
      <trkpt lat="47.440685" lon="10.173679">
        <ele>1424.4</ele>
      </trkpt>
      <trkpt lat="47.440652" lon="10.173668">
        <ele>1424.3</ele>
      </trkpt>
      <trkpt lat="47.440567" lon="10.173651">
        <ele>1424.0</ele>
      </trkpt>
      <trkpt lat="47.440549" lon="10.173648">
        <ele>1423.9</ele>
      </trkpt>
      <trkpt lat="47.440373" lon="10.173731">
        <ele>1420.9</ele>
      </trkpt>
      <trkpt lat="47.440294" lon="10.173758">
        <ele>1419.7</ele>
      </trkpt>
      <trkpt lat="47.440185" lon="10.173768">
        <ele>1418.5</ele>
      </trkpt>
      <trkpt lat="47.440043" lon="10.17371">
        <ele>1418.3</ele>
      </trkpt>
      <trkpt lat="47.439937" lon="10.173646">
        <ele>1418.6</ele>
      </trkpt>
      <trkpt lat="47.439906" lon="10.17361">
        <ele>1419.0</ele>
      </trkpt>
      <trkpt lat="47.439875" lon="10.173575">
        <ele>1419.5</ele>
      </trkpt>
      <trkpt lat="47.439778" lon="10.173498">
        <ele>1420.3</ele>
      </trkpt>
      <trkpt lat="47.439735" lon="10.173479">
        <ele>1420.4</ele>
      </trkpt>
      <trkpt lat="47.439578" lon="10.173478">
        <ele>1419.6</ele>
      </trkpt>
      <trkpt lat="47.439491" lon="10.173471">
        <ele>1419.8</ele>
      </trkpt>
      <trkpt lat="47.439334" lon="10.173383">
        <ele>1423.9</ele>
      </trkpt>
      <trkpt lat="47.439267" lon="10.173379">
        <ele>1424.8</ele>
      </trkpt>
      <trkpt lat="47.439174" lon="10.173389">
        <ele>1425.7</ele>
      </trkpt>
      <trkpt lat="47.439085" lon="10.173419">
        <ele>1426.0</ele>
      </trkpt>
      <trkpt lat="47.439013" lon="10.173471">
        <ele>1425.7</ele>
      </trkpt>
      <trkpt lat="47.438964" lon="10.17355">
        <ele>1424.8</ele>
      </trkpt>
      <trkpt lat="47.438906" lon="10.173599">
        <ele>1424.6</ele>
      </trkpt>
      <trkpt lat="47.438835" lon="10.173632">
        <ele>1424.7</ele>
      </trkpt>
      <trkpt lat="47.438776" lon="10.173651">
        <ele>1424.8</ele>
      </trkpt>
      <trkpt lat="47.438693" lon="10.173667">
        <ele>1424.8</ele>
      </trkpt>
      <trkpt lat="47.438555" lon="10.173645">
        <ele>1425.1</ele>
      </trkpt>
      <trkpt lat="47.438451" lon="10.173605">
        <ele>1425.0</ele>
      </trkpt>
      <trkpt lat="47.438373" lon="10.173521">
        <ele>1425.0</ele>
      </trkpt>
      <trkpt lat="47.438286" lon="10.173459">
        <ele>1423.5</ele>
      </trkpt>
      <trkpt lat="47.43813" lon="10.173273">
        <ele>1420.3</ele>
      </trkpt>
      <trkpt lat="47.438056" lon="10.173187">
        <ele>1419.5</ele>
      </trkpt>
      <trkpt lat="47.437981" lon="10.173122">
        <ele>1419.4</ele>
      </trkpt>
      <trkpt lat="47.437923" lon="10.173084">
        <ele>1419.5</ele>
      </trkpt>
      <trkpt lat="47.43786" lon="10.173059">
        <ele>1419.5</ele>
      </trkpt>
      <trkpt lat="47.437713" lon="10.173027">
        <ele>1418.9</ele>
      </trkpt>
      <trkpt lat="47.437553" lon="10.172982">
        <ele>1418.4</ele>
      </trkpt>
      <trkpt lat="47.437511" lon="10.17297">
        <ele>1418.1</ele>
      </trkpt>
      <trkpt lat="47.437417" lon="10.172928">
        <ele>1417.8</ele>
      </trkpt>
      <trkpt lat="47.437317" lon="10.172868">
        <ele>1417.5</ele>
      </trkpt>
      <trkpt lat="47.43724" lon="10.172789">
        <ele>1418.0</ele>
      </trkpt>
      <trkpt lat="47.437126" lon="10.172644">
        <ele>1419.4</ele>
      </trkpt>
      <trkpt lat="47.436965" lon="10.172354">
        <ele>1421.6</ele>
      </trkpt>
      <trkpt lat="47.436802" lon="10.17208">
        <ele>1419.9</ele>
      </trkpt>
      <trkpt lat="47.436722" lon="10.171912">
        <ele>1420.6</ele>
      </trkpt>
      <trkpt lat="47.43658" lon="10.171755">
        <ele>1420.5</ele>
      </trkpt>
      <trkpt lat="47.436362" lon="10.171423">
        <ele>1421.5</ele>
      </trkpt>
      <trkpt lat="47.436335" lon="10.171398">
        <ele>1421.3</ele>
      </trkpt>
      <trkpt lat="47.43628" lon="10.171347">
        <ele>1420.9</ele>
      </trkpt>
      <trkpt lat="47.436233" lon="10.17129">
        <ele>1420.8</ele>
      </trkpt>
      <trkpt lat="47.436164" lon="10.171254">
        <ele>1419.7</ele>
      </trkpt>
      <trkpt lat="47.436019" lon="10.171236">
        <ele>1416.8</ele>
      </trkpt>
      <trkpt lat="47.436087" lon="10.171373">
        <ele>1416.2</ele>
      </trkpt>
      <trkpt lat="47.436279" lon="10.171879">
        <ele>1413.0</ele>
      </trkpt>
      <trkpt lat="47.436472" lon="10.172385">
        <ele>1411.1</ele>
      </trkpt>
      <trkpt lat="47.436638" lon="10.172822">
        <ele>1406.8</ele>
      </trkpt>
      <trkpt lat="47.436667" lon="10.172898">
        <ele>1405.6</ele>
      </trkpt>
      <trkpt lat="47.436805" lon="10.173259">
        <ele>1400.0</ele>
      </trkpt>
      <trkpt lat="47.436972" lon="10.173688">
        <ele>1397.8</ele>
      </trkpt>
      <trkpt lat="47.436623" lon="10.173541">
        <ele>1398.2</ele>
      </trkpt>
      <trkpt lat="47.436274" lon="10.173394">
        <ele>1396.6</ele>
      </trkpt>
      <trkpt lat="47.436092" lon="10.17331">
        <ele>1395.1</ele>
      </trkpt>
      <trkpt lat="47.435866" lon="10.173244">
        <ele>1393.4</ele>
      </trkpt>
      <trkpt lat="47.435742" lon="10.173232">
        <ele>1392.6</ele>
      </trkpt>
      <trkpt lat="47.435517" lon="10.173246">
        <ele>1390.4</ele>
      </trkpt>
      <trkpt lat="47.435293" lon="10.173261">
        <ele>1387.8</ele>
      </trkpt>
      <trkpt lat="47.435132" lon="10.17325">
        <ele>1386.0</ele>
      </trkpt>
      <trkpt lat="47.435004" lon="10.1732">
        <ele>1384.8</ele>
      </trkpt>
      <trkpt lat="47.43489" lon="10.173344">
        <ele>1381.8</ele>
      </trkpt>
      <trkpt lat="47.434816" lon="10.173525">
        <ele>1379.2</ele>
      </trkpt>
      <trkpt lat="47.434802" lon="10.173746">
        <ele>1376.9</ele>
      </trkpt>
      <trkpt lat="47.434803" lon="10.173926">
        <ele>1374.6</ele>
      </trkpt>
      <trkpt lat="47.434799" lon="10.174075">
        <ele>1372.5</ele>
      </trkpt>
      <trkpt lat="47.434796" lon="10.174183">
        <ele>1371.1</ele>
      </trkpt>
      <trkpt lat="47.434776" lon="10.174455">
        <ele>1368.1</ele>
      </trkpt>
      <trkpt lat="47.434739" lon="10.174619">
        <ele>1366.9</ele>
      </trkpt>
      <trkpt lat="47.434676" lon="10.174763">
        <ele>1366.3</ele>
      </trkpt>
      <trkpt lat="47.434531" lon="10.175015">
        <ele>1366.1</ele>
      </trkpt>
      <trkpt lat="47.43436" lon="10.175299">
        <ele>1365.0</ele>
      </trkpt>
      <trkpt lat="47.434189" lon="10.175583">
        <ele>1361.9</ele>
      </trkpt>
      <trkpt lat="47.434108" lon="10.175675">
        <ele>1360.6</ele>
      </trkpt>
      <trkpt lat="47.433922" lon="10.17585">
        <ele>1357.3</ele>
      </trkpt>
      <trkpt lat="47.43376" lon="10.175949">
        <ele>1355.9</ele>
      </trkpt>
      <trkpt lat="47.433638" lon="10.176003">
        <ele>1355.4</ele>
      </trkpt>
      <trkpt lat="47.433464" lon="10.176065">
        <ele>1354.7</ele>
      </trkpt>
      <trkpt lat="47.433377" lon="10.176091">
        <ele>1354.4</ele>
      </trkpt>
      <trkpt lat="47.433247" lon="10.176131">
        <ele>1354.3</ele>
      </trkpt>
      <trkpt lat="47.433014" lon="10.176188">
        <ele>1354.3</ele>
      </trkpt>
      <trkpt lat="47.432802" lon="10.176184">
        <ele>1353.9</ele>
      </trkpt>
      <trkpt lat="47.432671" lon="10.176159">
        <ele>1353.7</ele>
      </trkpt>
      <trkpt lat="47.432589" lon="10.176143">
        <ele>1353.6</ele>
      </trkpt>
      <trkpt lat="47.432464" lon="10.176098">
        <ele>1353.4</ele>
      </trkpt>
      <trkpt lat="47.432279" lon="10.17601">
        <ele>1352.6</ele>
      </trkpt>
      <trkpt lat="47.432194" lon="10.175951">
        <ele>1352.0</ele>
      </trkpt>
      <trkpt lat="47.432129" lon="10.175895">
        <ele>1351.4</ele>
      </trkpt>
      <trkpt lat="47.432105" lon="10.17586">
        <ele>1351.4</ele>
      </trkpt>
      <trkpt lat="47.431985" lon="10.175686">
        <ele>1350.8</ele>
      </trkpt>
      <trkpt lat="47.43181" lon="10.175327">
        <ele>1348.7</ele>
      </trkpt>
      <trkpt lat="47.431722" lon="10.175164">
        <ele>1347.5</ele>
      </trkpt>
      <trkpt lat="47.431633" lon="10.175042">
        <ele>1346.1</ele>
      </trkpt>
      <trkpt lat="47.431544" lon="10.174954">
        <ele>1344.7</ele>
      </trkpt>
      <trkpt lat="47.431467" lon="10.174887">
        <ele>1343.6</ele>
      </trkpt>
      <trkpt lat="47.431368" lon="10.17483">
        <ele>1342.3</ele>
      </trkpt>
      <trkpt lat="47.431241" lon="10.174788">
        <ele>1340.9</ele>
      </trkpt>
      <trkpt lat="47.431113" lon="10.174806">
        <ele>1339.7</ele>
      </trkpt>
      <trkpt lat="47.43101" lon="10.17484">
        <ele>1338.4</ele>
      </trkpt>
      <trkpt lat="47.430933" lon="10.174866">
        <ele>1337.5</ele>
      </trkpt>
      <trkpt lat="47.430816" lon="10.174954">
        <ele>1336.0</ele>
      </trkpt>
      <trkpt lat="47.430804" lon="10.174969">
        <ele>1335.9</ele>
      </trkpt>
      <trkpt lat="47.430646" lon="10.175157">
        <ele>1335.5</ele>
      </trkpt>
      <trkpt lat="47.430508" lon="10.175439">
        <ele>1337.7</ele>
      </trkpt>
      <trkpt lat="47.430409" lon="10.175674">
        <ele>1339.7</ele>
      </trkpt>
      <trkpt lat="47.430357" lon="10.175774">
        <ele>1340.3</ele>
      </trkpt>
      <trkpt lat="47.430308" lon="10.175811">
        <ele>1341.0</ele>
      </trkpt>
      <trkpt lat="47.430294" lon="10.175821">
        <ele>1341.1</ele>
      </trkpt>
      <trkpt lat="47.430192" lon="10.175842">
        <ele>1342.6</ele>
      </trkpt>
      <trkpt lat="47.430083" lon="10.17588">
        <ele>1344.1</ele>
      </trkpt>
      <trkpt lat="47.429999" lon="10.175958">
        <ele>1345.9</ele>
      </trkpt>
      <trkpt lat="47.429969" lon="10.176062">
        <ele>1346.7</ele>
      </trkpt>
      <trkpt lat="47.429955" lon="10.176109">
        <ele>1347.1</ele>
      </trkpt>
      <trkpt lat="47.429889" lon="10.176315">
        <ele>1348.8</ele>
      </trkpt>
      <trkpt lat="47.429831" lon="10.17646">
        <ele>1350.2</ele>
      </trkpt>
      <trkpt lat="47.429784" lon="10.176536">
        <ele>1351.5</ele>
      </trkpt>
      <trkpt lat="47.429709" lon="10.176587">
        <ele>1352.9</ele>
      </trkpt>
      <trkpt lat="47.429679" lon="10.176587">
        <ele>1353.4</ele>
      </trkpt>
      <trkpt lat="47.429672" lon="10.176587">
        <ele>1353.5</ele>
      </trkpt>
      <trkpt lat="47.429602" lon="10.176194">
        <ele>1355.5</ele>
      </trkpt>
      <trkpt lat="47.429532" lon="10.1758">
        <ele>1357.6</ele>
      </trkpt>
      <trkpt lat="47.42953" lon="10.175791">
        <ele>1357.6</ele>
      </trkpt>
      <trkpt lat="47.42949" lon="10.175584">
        <ele>1358.8</ele>
      </trkpt>
      <trkpt lat="47.429453" lon="10.175527">
        <ele>1359.4</ele>
      </trkpt>
      <trkpt lat="47.429414" lon="10.175466">
        <ele>1360.1</ele>
      </trkpt>
      <trkpt lat="47.429281" lon="10.17524">
        <ele>1362.7</ele>
      </trkpt>
      <trkpt lat="47.429152" lon="10.174969">
        <ele>1365.5</ele>
      </trkpt>
      <trkpt lat="47.429038" lon="10.174685">
        <ele>1368.9</ele>
      </trkpt>
      <trkpt lat="47.42899" lon="10.174493">
        <ele>1371.5</ele>
      </trkpt>
      <trkpt lat="47.428988" lon="10.174486">
        <ele>1371.6</ele>
      </trkpt>
      <trkpt lat="47.428969" lon="10.174142">
        <ele>1374.0</ele>
      </trkpt>
      <trkpt lat="47.42895" lon="10.173797">
        <ele>1376.4</ele>
      </trkpt>
      <trkpt lat="47.428922" lon="10.173522">
        <ele>1377.5</ele>
      </trkpt>
      <trkpt lat="47.42887" lon="10.173191">
        <ele>1379.9</ele>
      </trkpt>
      <trkpt lat="47.428828" lon="10.172966">
        <ele>1380.5</ele>
      </trkpt>
      <trkpt lat="47.428793" lon="10.172785">
        <ele>1381.5</ele>
      </trkpt>
      <trkpt lat="47.428772" lon="10.172401">
        <ele>1383.2</ele>
      </trkpt>
      <trkpt lat="47.428804" lon="10.172046">
        <ele>1383.5</ele>
      </trkpt>
      <trkpt lat="47.428832" lon="10.171839">
        <ele>1383.3</ele>
      </trkpt>
      <trkpt lat="47.4289" lon="10.171558">
        <ele>1381.8</ele>
      </trkpt>
      <trkpt lat="47.428952" lon="10.171388">
        <ele>1379.3</ele>
      </trkpt>
      <trkpt lat="47.428975" lon="10.171314">
        <ele>1377.0</ele>
      </trkpt>
      <trkpt lat="47.429003" lon="10.171259">
        <ele>1374.9</ele>
      </trkpt>
      <trkpt lat="47.428995" lon="10.171184">
        <ele>1372.7</ele>
      </trkpt>
      <trkpt lat="47.428928" lon="10.17114">
        <ele>1372.3</ele>
      </trkpt>
      <trkpt lat="47.428884" lon="10.171112">
        <ele>1372.1</ele>
      </trkpt>
      <trkpt lat="47.428857" lon="10.171097">
        <ele>1372.0</ele>
      </trkpt>
      <trkpt lat="47.428612" lon="10.17096">
        <ele>1372.4</ele>
      </trkpt>
      <trkpt lat="47.428479" lon="10.170879">
        <ele>1373.0</ele>
      </trkpt>
      <trkpt lat="47.42843" lon="10.170855">
        <ele>1373.4</ele>
      </trkpt>
      <trkpt lat="47.428335" lon="10.170807">
        <ele>1374.6</ele>
      </trkpt>
      <trkpt lat="47.428155" lon="10.170718">
        <ele>1377.5</ele>
      </trkpt>
      <trkpt lat="47.427958" lon="10.170559">
        <ele>1377.9</ele>
      </trkpt>
      <trkpt lat="47.4278" lon="10.17044">
        <ele>1377.6</ele>
      </trkpt>
      <trkpt lat="47.427646" lon="10.170239">
        <ele>1373.9</ele>
      </trkpt>
      <trkpt lat="47.427599" lon="10.170178">
        <ele>1373.8</ele>
      </trkpt>
      <trkpt lat="47.427581" lon="10.170158">
        <ele>1374.1</ele>
      </trkpt>
      <trkpt lat="47.42754" lon="10.170114">
        <ele>1375.0</ele>
      </trkpt>
      <trkpt lat="47.427503" lon="10.170074">
        <ele>1376.0</ele>
      </trkpt>
      <trkpt lat="47.427376" lon="10.169938">
        <ele>1379.5</ele>
      </trkpt>
      <trkpt lat="47.427257" lon="10.169759">
        <ele>1380.8</ele>
      </trkpt>
      <trkpt lat="47.427241" lon="10.16972">
        <ele>1380.4</ele>
      </trkpt>
      <trkpt lat="47.42715" lon="10.169494">
        <ele>1377.6</ele>
      </trkpt>
      <trkpt lat="47.427123" lon="10.169384">
        <ele>1375.2</ele>
      </trkpt>
      <trkpt lat="47.427111" lon="10.169334">
        <ele>1374.1</ele>
      </trkpt>
      <trkpt lat="47.427086" lon="10.169152">
        <ele>1369.2</ele>
      </trkpt>
      <trkpt lat="47.426878" lon="10.168901">
        <ele>1370.2</ele>
      </trkpt>
      <trkpt lat="47.426683" lon="10.1688">
        <ele>1375.4</ele>
      </trkpt>
      <trkpt lat="47.426665" lon="10.16879">
        <ele>1375.9</ele>
      </trkpt>
      <trkpt lat="47.426349" lon="10.168683">
        <ele>1382.5</ele>
      </trkpt>
      <trkpt lat="47.426277" lon="10.168671">
        <ele>1383.4</ele>
      </trkpt>
      <trkpt lat="47.426129" lon="10.168648">
        <ele>1384.5</ele>
      </trkpt>
      <trkpt lat="47.426083" lon="10.168642">
        <ele>1384.6</ele>
      </trkpt>
      <trkpt lat="47.425925" lon="10.168622">
        <ele>1383.0</ele>
      </trkpt>
      <trkpt lat="47.425815" lon="10.168583">
        <ele>1379.7</ele>
      </trkpt>
      <trkpt lat="47.425769" lon="10.168477">
        <ele>1374.3</ele>
      </trkpt>
      <trkpt lat="47.425769" lon="10.16847">
        <ele>1374.0</ele>
      </trkpt>
      <trkpt lat="47.425768" lon="10.168402">
        <ele>1371.1</ele>
      </trkpt>
      <trkpt lat="47.425781" lon="10.168393">
        <ele>1371.0</ele>
      </trkpt>
      <trkpt lat="47.425971" lon="10.16832">
        <ele>1370.6</ele>
      </trkpt>
      <trkpt lat="47.426065" lon="10.168279">
        <ele>1369.7</ele>
      </trkpt>
      <trkpt lat="47.426217" lon="10.168214">
        <ele>1368.0</ele>
      </trkpt>
      <trkpt lat="47.426344" lon="10.16809">
        <ele>1364.4</ele>
      </trkpt>
      <trkpt lat="47.426354" lon="10.16808">
        <ele>1364.1</ele>
      </trkpt>
      <trkpt lat="47.426417" lon="10.167928">
        <ele>1360.9</ele>
      </trkpt>
      <trkpt lat="47.426406" lon="10.167702">
        <ele>1359.1</ele>
      </trkpt>
      <trkpt lat="47.426363" lon="10.167504">
        <ele>1357.6</ele>
      </trkpt>
      <trkpt lat="47.426312" lon="10.167387">
        <ele>1356.9</ele>
      </trkpt>
      <trkpt lat="47.426214" lon="10.167247">
        <ele>1356.8</ele>
      </trkpt>
      <trkpt lat="47.426209" lon="10.167238">
        <ele>1356.8</ele>
      </trkpt>
      <trkpt lat="47.426189" lon="10.167173">
        <ele>1357.0</ele>
      </trkpt>
      <trkpt lat="47.426189" lon="10.167157">
        <ele>1357.0</ele>
      </trkpt>
      <trkpt lat="47.426187" lon="10.167123">
        <ele>1357.1</ele>
      </trkpt>
      <trkpt lat="47.426212" lon="10.167053">
        <ele>1356.7</ele>
      </trkpt>
      <trkpt lat="47.426219" lon="10.166994">
        <ele>1355.8</ele>
      </trkpt>
      <trkpt lat="47.426216" lon="10.166928">
        <ele>1354.6</ele>
      </trkpt>
      <trkpt lat="47.426157" lon="10.166766">
        <ele>1353.0</ele>
      </trkpt>
      <trkpt lat="47.426153" lon="10.166738">
        <ele>1352.3</ele>
      </trkpt>
      <trkpt lat="47.42615" lon="10.166704">
        <ele>1351.6</ele>
      </trkpt>
      <trkpt lat="47.426151" lon="10.166698">
        <ele>1351.3</ele>
      </trkpt>
      <trkpt lat="47.426163" lon="10.166641">
        <ele>1349.3</ele>
      </trkpt>
      <trkpt lat="47.426163" lon="10.166557">
        <ele>1347.1</ele>
      </trkpt>
      <trkpt lat="47.426144" lon="10.166484">
        <ele>1345.9</ele>
      </trkpt>
      <trkpt lat="47.426121" lon="10.166458">
        <ele>1346.2</ele>
      </trkpt>
      <trkpt lat="47.426078" lon="10.166411">
        <ele>1346.2</ele>
      </trkpt>
      <trkpt lat="47.426051" lon="10.166335">
        <ele>1344.7</ele>
      </trkpt>
      <trkpt lat="47.426042" lon="10.166275">
        <ele>1344.0</ele>
      </trkpt>
      <trkpt lat="47.426024" lon="10.166154">
        <ele>1342.8</ele>
      </trkpt>
      <trkpt lat="47.425996" lon="10.166095">
        <ele>1342.8</ele>
      </trkpt>
      <trkpt lat="47.425906" lon="10.165923">
        <ele>1341.7</ele>
      </trkpt>
      <trkpt lat="47.425757" lon="10.165661">
        <ele>1338.3</ele>
      </trkpt>
      <trkpt lat="47.425752" lon="10.165651">
        <ele>1338.1</ele>
      </trkpt>
      <trkpt lat="47.425748" lon="10.165645">
        <ele>1337.9</ele>
      </trkpt>
      <trkpt lat="47.425718" lon="10.165533">
        <ele>1335.5</ele>
      </trkpt>
      <trkpt lat="47.425714" lon="10.165507">
        <ele>1334.9</ele>
      </trkpt>
      <trkpt lat="47.425725" lon="10.165475">
        <ele>1334.4</ele>
      </trkpt>
      <trkpt lat="47.425747" lon="10.165471">
        <ele>1334.5</ele>
      </trkpt>
      <trkpt lat="47.425778" lon="10.165458">
        <ele>1334.2</ele>
      </trkpt>
      <trkpt lat="47.425788" lon="10.165435">
        <ele>1333.7</ele>
      </trkpt>
      <trkpt lat="47.425781" lon="10.165404">
        <ele>1333.0</ele>
      </trkpt>
      <trkpt lat="47.425758" lon="10.165379">
        <ele>1332.4</ele>
      </trkpt>
      <trkpt lat="47.425721" lon="10.165363">
        <ele>1332.0</ele>
      </trkpt>
      <trkpt lat="47.425671" lon="10.165357">
        <ele>1331.4</ele>
      </trkpt>
      <trkpt lat="47.425621" lon="10.165363">
        <ele>1330.5</ele>
      </trkpt>
      <trkpt lat="47.425585" lon="10.165354">
        <ele>1329.4</ele>
      </trkpt>
      <trkpt lat="47.425564" lon="10.165322">
        <ele>1328.3</ele>
      </trkpt>
      <trkpt lat="47.425551" lon="10.165249">
        <ele>1326.8</ele>
      </trkpt>
      <trkpt lat="47.425532" lon="10.16519">
        <ele>1325.3</ele>
      </trkpt>
      <trkpt lat="47.425504" lon="10.165152">
        <ele>1323.9</ele>
      </trkpt>
      <trkpt lat="47.425443" lon="10.16511">
        <ele>1321.7</ele>
      </trkpt>
      <trkpt lat="47.425398" lon="10.165073">
        <ele>1320.1</ele>
      </trkpt>
      <trkpt lat="47.42539" lon="10.165039">
        <ele>1319.6</ele>
      </trkpt>
      <trkpt lat="47.42539" lon="10.164994">
        <ele>1319.0</ele>
      </trkpt>
      <trkpt lat="47.4254" lon="10.164954">
        <ele>1318.7</ele>
      </trkpt>
      <trkpt lat="47.425417" lon="10.164916">
        <ele>1318.3</ele>
      </trkpt>
      <trkpt lat="47.425439" lon="10.164881">
        <ele>1317.9</ele>
      </trkpt>
      <trkpt lat="47.425466" lon="10.164859">
        <ele>1317.5</ele>
      </trkpt>
      <trkpt lat="47.425612" lon="10.16477">
        <ele>1314.7</ele>
      </trkpt>
      <trkpt lat="47.42571" lon="10.164708">
        <ele>1313.1</ele>
      </trkpt>
      <trkpt lat="47.425796" lon="10.164646">
        <ele>1310.4</ele>
      </trkpt>
      <trkpt lat="47.425849" lon="10.16461">
        <ele>1307.6</ele>
      </trkpt>
      <trkpt lat="47.425877" lon="10.164577">
        <ele>1305.7</ele>
      </trkpt>
      <trkpt lat="47.42589" lon="10.164533">
        <ele>1304.2</ele>
      </trkpt>
      <trkpt lat="47.4259" lon="10.164353">
        <ele>1299.9</ele>
      </trkpt>
      <trkpt lat="47.425882" lon="10.164204">
        <ele>1296.7</ele>
      </trkpt>
      <trkpt lat="47.425874" lon="10.164183">
        <ele>1296.4</ele>
      </trkpt>
      <trkpt lat="47.425845" lon="10.16411">
        <ele>1295.3</ele>
      </trkpt>
      <trkpt lat="47.425826" lon="10.164094">
        <ele>1295.5</ele>
      </trkpt>
      <trkpt lat="47.425765" lon="10.164064">
        <ele>1296.5</ele>
      </trkpt>
      <trkpt lat="47.42557" lon="10.163993">
        <ele>1298.1</ele>
      </trkpt>
      <trkpt lat="47.425526" lon="10.163966">
        <ele>1297.4</ele>
      </trkpt>
      <trkpt lat="47.425501" lon="10.163946">
        <ele>1296.7</ele>
      </trkpt>
      <trkpt lat="47.425482" lon="10.163923">
        <ele>1295.9</ele>
      </trkpt>
      <trkpt lat="47.425461" lon="10.163733">
        <ele>1290.0</ele>
      </trkpt>
      <trkpt lat="47.425438" lon="10.163675">
        <ele>1288.7</ele>
      </trkpt>
      <trkpt lat="47.425409" lon="10.163644">
        <ele>1288.2</ele>
      </trkpt>
      <trkpt lat="47.42538" lon="10.163628">
        <ele>1288.0</ele>
      </trkpt>
      <trkpt lat="47.425342" lon="10.163622">
        <ele>1288.1</ele>
      </trkpt>
      <trkpt lat="47.425317" lon="10.163626">
        <ele>1288.3</ele>
      </trkpt>
      <trkpt lat="47.425246" lon="10.163659">
        <ele>1289.0</ele>
      </trkpt>
      <trkpt lat="47.425211" lon="10.163683">
        <ele>1289.3</ele>
      </trkpt>
      <trkpt lat="47.425184" lon="10.163701">
        <ele>1289.4</ele>
      </trkpt>
      <trkpt lat="47.425152" lon="10.163715">
        <ele>1289.4</ele>
      </trkpt>
      <trkpt lat="47.42513" lon="10.163708">
        <ele>1289.1</ele>
      </trkpt>
      <trkpt lat="47.425105" lon="10.163688">
        <ele>1288.6</ele>
      </trkpt>
      <trkpt lat="47.425055" lon="10.163644">
        <ele>1287.7</ele>
      </trkpt>
      <trkpt lat="47.425053" lon="10.163641">
        <ele>1287.6</ele>
      </trkpt>
      <trkpt lat="47.425007" lon="10.163607">
        <ele>1287.0</ele>
      </trkpt>
      <trkpt lat="47.424957" lon="10.163586">
        <ele>1286.5</ele>
      </trkpt>
      <trkpt lat="47.424909" lon="10.163571">
        <ele>1286.0</ele>
      </trkpt>
      <trkpt lat="47.424807" lon="10.163563">
        <ele>1284.4</ele>
      </trkpt>
      <trkpt lat="47.424651" lon="10.16356">
        <ele>1281.3</ele>
      </trkpt>
      <trkpt lat="47.424662" lon="10.163783">
        <ele>1279.1</ele>
      </trkpt>
      <trkpt lat="47.42465" lon="10.163979">
        <ele>1277.4</ele>
      </trkpt>
      <trkpt lat="47.424631" lon="10.164143">
        <ele>1276.2</ele>
      </trkpt>
      <trkpt lat="47.424582" lon="10.164335">
        <ele>1275.0</ele>
      </trkpt>
      <trkpt lat="47.424515" lon="10.164517">
        <ele>1273.8</ele>
      </trkpt>
      <trkpt lat="47.424501" lon="10.16455">
        <ele>1273.6</ele>
      </trkpt>
      <trkpt lat="47.424437" lon="10.164694">
        <ele>1272.8</ele>
      </trkpt>
      <trkpt lat="47.424304" lon="10.164927">
        <ele>1272.4</ele>
      </trkpt>
      <trkpt lat="47.424116" lon="10.165228">
        <ele>1272.3</ele>
      </trkpt>
      <trkpt lat="47.423949" lon="10.165507">
        <ele>1272.4</ele>
      </trkpt>
      <trkpt lat="47.423717" lon="10.165932">
        <ele>1274.9</ele>
      </trkpt>
      <trkpt lat="47.423753" lon="10.166029">
        <ele>1275.8</ele>
      </trkpt>
      <trkpt lat="47.423785" lon="10.166281">
        <ele>1278.0</ele>
      </trkpt>
      <trkpt lat="47.423782" lon="10.16643">
        <ele>1279.5</ele>
      </trkpt>
      <trkpt lat="47.423735" lon="10.166673">
        <ele>1281.0</ele>
      </trkpt>
      <trkpt lat="47.423591" lon="10.167013">
        <ele>1281.8</ele>
      </trkpt>
      <trkpt lat="47.423431" lon="10.167314">
        <ele>1283.0</ele>
      </trkpt>
      <trkpt lat="47.423272" lon="10.167615">
        <ele>1284.1</ele>
      </trkpt>
      <trkpt lat="47.423048" lon="10.168114">
        <ele>1286.7</ele>
      </trkpt>
      <trkpt lat="47.422824" lon="10.168613">
        <ele>1288.0</ele>
      </trkpt>
      <trkpt lat="47.422738" lon="10.168767">
        <ele>1288.4</ele>
      </trkpt>
      <trkpt lat="47.422584" lon="10.169043">
        <ele>1289.3</ele>
      </trkpt>
      <trkpt lat="47.422398" lon="10.169402">
        <ele>1290.8</ele>
      </trkpt>
      <trkpt lat="47.422331" lon="10.169586">
        <ele>1291.4</ele>
      </trkpt>
      <trkpt lat="47.422195" lon="10.17002">
        <ele>1292.4</ele>
      </trkpt>
      <trkpt lat="47.422095" lon="10.170428">
        <ele>1292.6</ele>
      </trkpt>
      <trkpt lat="47.421991" lon="10.17087">
        <ele>1292.7</ele>
      </trkpt>
      <trkpt lat="47.421866" lon="10.171427">
        <ele>1295.5</ele>
      </trkpt>
      <trkpt lat="47.42174" lon="10.171984">
        <ele>1294.3</ele>
      </trkpt>
      <trkpt lat="47.421615" lon="10.172541">
        <ele>1290.9</ele>
      </trkpt>
      <trkpt lat="47.421568" lon="10.172722">
        <ele>1291.0</ele>
      </trkpt>
      <trkpt lat="47.421512" lon="10.172869">
        <ele>1291.2</ele>
      </trkpt>
      <trkpt lat="47.42142" lon="10.172991">
        <ele>1291.2</ele>
      </trkpt>
      <trkpt lat="47.421242" lon="10.173196">
        <ele>1293.3</ele>
      </trkpt>
      <trkpt lat="47.421053" lon="10.173425">
        <ele>1297.1</ele>
      </trkpt>
      <trkpt lat="47.420886" lon="10.173611">
        <ele>1299.9</ele>
      </trkpt>
      <trkpt lat="47.420778" lon="10.173779">
        <ele>1301.7</ele>
      </trkpt>
      <trkpt lat="47.420719" lon="10.173912">
        <ele>1302.1</ele>
      </trkpt>
      <trkpt lat="47.420644" lon="10.174161">
        <ele>1303.2</ele>
      </trkpt>
      <trkpt lat="47.42051" lon="10.174645">
        <ele>1307.2</ele>
      </trkpt>
      <trkpt lat="47.4205" lon="10.174682">
        <ele>1307.5</ele>
      </trkpt>
      <trkpt lat="47.420359" lon="10.17504">
        <ele>1308.7</ele>
      </trkpt>
      <trkpt lat="47.420223" lon="10.175299">
        <ele>1310.0</ele>
      </trkpt>
      <trkpt lat="47.420173" lon="10.175464">
        <ele>1311.7</ele>
      </trkpt>
      <trkpt lat="47.420147" lon="10.175626">
        <ele>1313.6</ele>
      </trkpt>
      <trkpt lat="47.420149" lon="10.175794">
        <ele>1315.8</ele>
      </trkpt>
      <trkpt lat="47.420167" lon="10.175946">
        <ele>1316.8</ele>
      </trkpt>
      <trkpt lat="47.420198" lon="10.176081">
        <ele>1316.7</ele>
      </trkpt>
      <trkpt lat="47.420241" lon="10.176196">
        <ele>1316.2</ele>
      </trkpt>
      <trkpt lat="47.420318" lon="10.176341">
        <ele>1315.3</ele>
      </trkpt>
      <trkpt lat="47.420411" lon="10.17647">
        <ele>1314.5</ele>
      </trkpt>
      <trkpt lat="47.420541" lon="10.176606">
        <ele>1314.1</ele>
      </trkpt>
      <trkpt lat="47.420623" lon="10.176707">
        <ele>1314.1</ele>
      </trkpt>
      <trkpt lat="47.420702" lon="10.176859">
        <ele>1314.2</ele>
      </trkpt>
      <trkpt lat="47.420927" lon="10.17738">
        <ele>1315.8</ele>
      </trkpt>
      <trkpt lat="47.421003" lon="10.177576">
        <ele>1316.0</ele>
      </trkpt>
      <trkpt lat="47.421055" lon="10.177748">
        <ele>1315.6</ele>
      </trkpt>
      <trkpt lat="47.421068" lon="10.177856">
        <ele>1315.3</ele>
      </trkpt>
      <trkpt lat="47.421075" lon="10.177917">
        <ele>1315.4</ele>
      </trkpt>
      <trkpt lat="47.421038" lon="10.178324">
        <ele>1317.6</ele>
      </trkpt>
      <trkpt lat="47.421042" lon="10.178459">
        <ele>1318.4</ele>
      </trkpt>
      <trkpt lat="47.421068" lon="10.178672">
        <ele>1319.3</ele>
      </trkpt>
      <trkpt lat="47.421077" lon="10.178884">
        <ele>1320.0</ele>
      </trkpt>
      <trkpt lat="47.421074" lon="10.179046">
        <ele>1320.8</ele>
      </trkpt>
      <trkpt lat="47.421044" lon="10.179177">
        <ele>1320.9</ele>
      </trkpt>
      <trkpt lat="47.420987" lon="10.179318">
        <ele>1321.6</ele>
      </trkpt>
      <trkpt lat="47.420863" lon="10.179533">
        <ele>1322.1</ele>
      </trkpt>
      <trkpt lat="47.420802" lon="10.179622">
        <ele>1322.1</ele>
      </trkpt>
      <trkpt lat="47.420721" lon="10.179741">
        <ele>1322.1</ele>
      </trkpt>
      <trkpt lat="47.420604" lon="10.179956">
        <ele>1322.6</ele>
      </trkpt>
      <trkpt lat="47.420529" lon="10.180158">
        <ele>1322.6</ele>
      </trkpt>
      <trkpt lat="47.420469" lon="10.180393">
        <ele>1322.9</ele>
      </trkpt>
      <trkpt lat="47.420413" lon="10.180685">
        <ele>1323.2</ele>
      </trkpt>
      <trkpt lat="47.420386" lon="10.180971">
        <ele>1323.4</ele>
      </trkpt>
      <trkpt lat="47.420381" lon="10.181085">
        <ele>1323.5</ele>
      </trkpt>
      <trkpt lat="47.420376" lon="10.181217">
        <ele>1323.6</ele>
      </trkpt>
      <trkpt lat="47.420396" lon="10.181506">
        <ele>1324.5</ele>
      </trkpt>
      <trkpt lat="47.42046" lon="10.18176">
        <ele>1326.3</ele>
      </trkpt>
      <trkpt lat="47.42051" lon="10.181971">
        <ele>1327.3</ele>
      </trkpt>
      <trkpt lat="47.420532" lon="10.182122">
        <ele>1327.2</ele>
      </trkpt>
      <trkpt lat="47.420527" lon="10.182334">
        <ele>1326.0</ele>
      </trkpt>
      <trkpt lat="47.420497" lon="10.18267">
        <ele>1325.5</ele>
      </trkpt>
      <trkpt lat="47.420481" lon="10.182899">
        <ele>1325.9</ele>
      </trkpt>
      <trkpt lat="47.420483" lon="10.183047">
        <ele>1325.8</ele>
      </trkpt>
      <trkpt lat="47.420505" lon="10.183142">
        <ele>1325.7</ele>
      </trkpt>
      <trkpt lat="47.420519" lon="10.183202">
        <ele>1325.7</ele>
      </trkpt>
      <trkpt lat="47.420585" lon="10.183354">
        <ele>1325.8</ele>
      </trkpt>
      <trkpt lat="47.420681" lon="10.183478">
        <ele>1326.1</ele>
      </trkpt>
      <trkpt lat="47.420788" lon="10.18363">
        <ele>1325.6</ele>
      </trkpt>
      <trkpt lat="47.420854" lon="10.183795">
        <ele>1325.6</ele>
      </trkpt>
      <trkpt lat="47.420927" lon="10.184135">
        <ele>1326.7</ele>
      </trkpt>
      <trkpt lat="47.420992" lon="10.184519">
        <ele>1327.4</ele>
      </trkpt>
      <trkpt lat="47.421008" lon="10.184704">
        <ele>1328.1</ele>
      </trkpt>
      <trkpt lat="47.420996" lon="10.184866">
        <ele>1328.1</ele>
      </trkpt>
      <trkpt lat="47.420957" lon="10.185068">
        <ele>1327.9</ele>
      </trkpt>
      <trkpt lat="47.420902" lon="10.18528">
        <ele>1328.3</ele>
      </trkpt>
      <trkpt lat="47.42084" lon="10.185553">
        <ele>1328.1</ele>
      </trkpt>
      <trkpt lat="47.420775" lon="10.185859">
        <ele>1328.1</ele>
      </trkpt>
      <trkpt lat="47.420717" lon="10.186253">
        <ele>1325.7</ele>
      </trkpt>
      <trkpt lat="47.420669" lon="10.18665">
        <ele>1324.6</ele>
      </trkpt>
      <trkpt lat="47.420641" lon="10.18693">
        <ele>1324.0</ele>
      </trkpt>
      <trkpt lat="47.420616" lon="10.187078">
        <ele>1323.6</ele>
      </trkpt>
      <trkpt lat="47.420588" lon="10.187212">
        <ele>1324.0</ele>
      </trkpt>
      <trkpt lat="47.420546" lon="10.187312">
        <ele>1323.9</ele>
      </trkpt>
      <trkpt lat="47.420531" lon="10.187347">
        <ele>1323.8</ele>
      </trkpt>
      <trkpt lat="47.420439" lon="10.187511">
        <ele>1323.2</ele>
      </trkpt>
      <trkpt lat="47.420331" lon="10.187656">
        <ele>1322.8</ele>
      </trkpt>
      <trkpt lat="47.420153" lon="10.187823">
        <ele>1321.1</ele>
      </trkpt>
      <trkpt lat="47.42009" lon="10.187929">
        <ele>1320.6</ele>
      </trkpt>
      <trkpt lat="47.420052" lon="10.188069">
        <ele>1321.0</ele>
      </trkpt>
      <trkpt lat="47.420017" lon="10.188348">
        <ele>1320.9</ele>
      </trkpt>
      <trkpt lat="47.420021" lon="10.188631">
        <ele>1319.9</ele>
      </trkpt>
      <trkpt lat="47.420036" lon="10.188812">
        <ele>1320.1</ele>
      </trkpt>
      <trkpt lat="47.420062" lon="10.189076">
        <ele>1319.2</ele>
      </trkpt>
      <trkpt lat="47.420059" lon="10.189322">
        <ele>1318.6</ele>
      </trkpt>
      <trkpt lat="47.420038" lon="10.189618">
        <ele>1316.8</ele>
      </trkpt>
      <trkpt lat="47.420012" lon="10.190184">
        <ele>1313.9</ele>
      </trkpt>
      <trkpt lat="47.420006" lon="10.190379">
        <ele>1312.8</ele>
      </trkpt>
      <trkpt lat="47.42" lon="10.190571">
        <ele>1311.8</ele>
      </trkpt>
      <trkpt lat="47.419999" lon="10.190865">
        <ele>1310.5</ele>
      </trkpt>
      <trkpt lat="47.420036" lon="10.191239">
        <ele>1309.7</ele>
      </trkpt>
      <trkpt lat="47.420046" lon="10.191384">
        <ele>1309.3</ele>
      </trkpt>
      <trkpt lat="47.420023" lon="10.19167">
        <ele>1308.6</ele>
      </trkpt>
      <trkpt lat="47.41996" lon="10.192198">
        <ele>1306.4</ele>
      </trkpt>
      <trkpt lat="47.419926" lon="10.192528">
        <ele>1305.1</ele>
      </trkpt>
      <trkpt lat="47.419873" lon="10.192878">
        <ele>1302.9</ele>
      </trkpt>
      <trkpt lat="47.41981" lon="10.193252">
        <ele>1300.4</ele>
      </trkpt>
      <trkpt lat="47.41975" lon="10.193693">
        <ele>1297.5</ele>
      </trkpt>
      <trkpt lat="47.41969" lon="10.194047">
        <ele>1296.4</ele>
      </trkpt>
      <trkpt lat="47.41961" lon="10.194597">
        <ele>1295.1</ele>
      </trkpt>
      <trkpt lat="47.419606" lon="10.19471">
        <ele>1294.6</ele>
      </trkpt>
      <trkpt lat="47.419598" lon="10.194881">
        <ele>1292.0</ele>
      </trkpt>
      <trkpt lat="47.419611" lon="10.195091">
        <ele>1288.9</ele>
      </trkpt>
      <trkpt lat="47.419661" lon="10.19525">
        <ele>1288.7</ele>
      </trkpt>
      <trkpt lat="47.4197" lon="10.195411">
        <ele>1288.3</ele>
      </trkpt>
      <trkpt lat="47.419723" lon="10.195539">
        <ele>1287.4</ele>
      </trkpt>
      <trkpt lat="47.419741" lon="10.195732">
        <ele>1285.1</ele>
      </trkpt>
      <trkpt lat="47.419782" lon="10.195951">
        <ele>1283.3</ele>
      </trkpt>
      <trkpt lat="47.419826" lon="10.196082">
        <ele>1282.9</ele>
      </trkpt>
      <trkpt lat="47.419904" lon="10.196253">
        <ele>1282.5</ele>
      </trkpt>
      <trkpt lat="47.419982" lon="10.196411">
        <ele>1282.1</ele>
      </trkpt>
      <trkpt lat="47.42004" lon="10.196583">
        <ele>1280.5</ele>
      </trkpt>
      <trkpt lat="47.420083" lon="10.196805">
        <ele>1278.8</ele>
      </trkpt>
      <trkpt lat="47.420099" lon="10.196977">
        <ele>1278.4</ele>
      </trkpt>
      <trkpt lat="47.420103" lon="10.197125">
        <ele>1278.5</ele>
      </trkpt>
      <trkpt lat="47.420094" lon="10.19725">
        <ele>1278.5</ele>
      </trkpt>
      <trkpt lat="47.420017" lon="10.197464">
        <ele>1277.4</ele>
      </trkpt>
      <trkpt lat="47.419985" lon="10.197541">
        <ele>1276.9</ele>
      </trkpt>
      <trkpt lat="47.419901" lon="10.197737">
        <ele>1276.2</ele>
      </trkpt>
      <trkpt lat="47.41966" lon="10.198275">
        <ele>1276.2</ele>
      </trkpt>
      <trkpt lat="47.419562" lon="10.1986">
        <ele>1273.5</ele>
      </trkpt>
      <trkpt lat="47.419499" lon="10.198793">
        <ele>1272.2</ele>
      </trkpt>
      <trkpt lat="47.419455" lon="10.199003">
        <ele>1272.0</ele>
      </trkpt>
      <trkpt lat="47.419431" lon="10.199158">
        <ele>1271.8</ele>
      </trkpt>
      <trkpt lat="47.419417" lon="10.199327">
        <ele>1271.3</ele>
      </trkpt>
      <trkpt lat="47.419444" lon="10.19955">
        <ele>1271.0</ele>
      </trkpt>
      <trkpt lat="47.419501" lon="10.199785">
        <ele>1270.4</ele>
      </trkpt>
      <trkpt lat="47.419584" lon="10.200149">
        <ele>1268.8</ele>
      </trkpt>
      <trkpt lat="47.419655" lon="10.200537">
        <ele>1266.2</ele>
      </trkpt>
      <trkpt lat="47.419705" lon="10.200786">
        <ele>1264.6</ele>
      </trkpt>
      <trkpt lat="47.419719" lon="10.200857">
        <ele>1264.0</ele>
      </trkpt>
      <trkpt lat="47.419797" lon="10.201146">
        <ele>1262.9</ele>
      </trkpt>
      <trkpt lat="47.419901" lon="10.201442">
        <ele>1263.3</ele>
      </trkpt>
      <trkpt lat="47.420006" lon="10.201738">
        <ele>1261.4</ele>
      </trkpt>
      <trkpt lat="47.420091" lon="10.201947">
        <ele>1260.7</ele>
      </trkpt>
      <trkpt lat="47.420176" lon="10.202138">
        <ele>1260.0</ele>
      </trkpt>
      <trkpt lat="47.420259" lon="10.202306">
        <ele>1258.7</ele>
      </trkpt>
      <trkpt lat="47.420363" lon="10.202471">
        <ele>1257.3</ele>
      </trkpt>
      <trkpt lat="47.420472" lon="10.202615">
        <ele>1256.2</ele>
      </trkpt>
      <trkpt lat="47.420686" lon="10.203001">
        <ele>1253.4</ele>
      </trkpt>
      <trkpt lat="47.42076" lon="10.203202">
        <ele>1252.5</ele>
      </trkpt>
      <trkpt lat="47.420826" lon="10.203495">
        <ele>1250.7</ele>
      </trkpt>
      <trkpt lat="47.420913" lon="10.203758">
        <ele>1249.6</ele>
      </trkpt>
      <trkpt lat="47.421001" lon="10.203953">
        <ele>1249.2</ele>
      </trkpt>
      <trkpt lat="47.421195" lon="10.204325">
        <ele>1245.8</ele>
      </trkpt>
      <trkpt lat="47.421301" lon="10.204503">
        <ele>1244.0</ele>
      </trkpt>
      <trkpt lat="47.421368" lon="10.204563">
        <ele>1243.5</ele>
      </trkpt>
      <trkpt lat="47.421465" lon="10.20461">
        <ele>1242.9</ele>
      </trkpt>
      <trkpt lat="47.421613" lon="10.204621">
        <ele>1242.2</ele>
      </trkpt>
      <trkpt lat="47.421717" lon="10.204613">
        <ele>1241.1</ele>
      </trkpt>
      <trkpt lat="47.42185" lon="10.204604">
        <ele>1239.0</ele>
      </trkpt>
      <trkpt lat="47.421914" lon="10.204618">
        <ele>1237.7</ele>
      </trkpt>
      <trkpt lat="47.42193" lon="10.204625">
        <ele>1237.6</ele>
      </trkpt>
      <trkpt lat="47.421969" lon="10.204645">
        <ele>1237.9</ele>
      </trkpt>
      <trkpt lat="47.422005" lon="10.204692">
        <ele>1238.2</ele>
      </trkpt>
      <trkpt lat="47.422045" lon="10.204773">
        <ele>1238.3</ele>
      </trkpt>
      <trkpt lat="47.422067" lon="10.204901">
        <ele>1237.2</ele>
      </trkpt>
      <trkpt lat="47.422077" lon="10.205053">
        <ele>1235.7</ele>
      </trkpt>
      <trkpt lat="47.422081" lon="10.205256">
        <ele>1233.7</ele>
      </trkpt>
      <trkpt lat="47.422065" lon="10.205431">
        <ele>1232.3</ele>
      </trkpt>
      <trkpt lat="47.422024" lon="10.205667">
        <ele>1230.2</ele>
      </trkpt>
      <trkpt lat="47.42201" lon="10.205846">
        <ele>1228.7</ele>
      </trkpt>
      <trkpt lat="47.422006" lon="10.206112">
        <ele>1226.4</ele>
      </trkpt>
      <trkpt lat="47.422017" lon="10.206649">
        <ele>1221.2</ele>
      </trkpt>
      <trkpt lat="47.422019" lon="10.20701">
        <ele>1217.0</ele>
      </trkpt>
      <trkpt lat="47.422004" lon="10.207317">
        <ele>1215.2</ele>
      </trkpt>
      <trkpt lat="47.422029" lon="10.207958">
        <ele>1209.6</ele>
      </trkpt>
      <trkpt lat="47.422055" lon="10.208276">
        <ele>1207.1</ele>
      </trkpt>
      <trkpt lat="47.42208" lon="10.208482">
        <ele>1206.1</ele>
      </trkpt>
      <trkpt lat="47.422097" lon="10.20862">
        <ele>1205.5</ele>
      </trkpt>
      <trkpt lat="47.422166" lon="10.209045">
        <ele>1202.4</ele>
      </trkpt>
      <trkpt lat="47.422236" lon="10.20947">
        <ele>1199.5</ele>
      </trkpt>
      <trkpt lat="47.422286" lon="10.209728">
        <ele>1197.7</ele>
      </trkpt>
      <trkpt lat="47.422337" lon="10.209859">
        <ele>1197.3</ele>
      </trkpt>
      <trkpt lat="47.422381" lon="10.209934">
        <ele>1197.4</ele>
      </trkpt>
      <trkpt lat="47.422443" lon="10.21006">
        <ele>1197.1</ele>
      </trkpt>
      <trkpt lat="47.422482" lon="10.210204">
        <ele>1196.6</ele>
      </trkpt>
      <trkpt lat="47.422581" lon="10.210692">
        <ele>1195.7</ele>
      </trkpt>
      <trkpt lat="47.42268" lon="10.211236">
        <ele>1191.8</ele>
      </trkpt>
      <trkpt lat="47.422783" lon="10.211739">
        <ele>1188.1</ele>
      </trkpt>
      <trkpt lat="47.422899" lon="10.212273">
        <ele>1184.0</ele>
      </trkpt>
      <trkpt lat="47.423025" lon="10.21273">
        <ele>1181.6</ele>
      </trkpt>
      <trkpt lat="47.423135" lon="10.213179">
        <ele>1178.4</ele>
      </trkpt>
      <trkpt lat="47.423181" lon="10.213382">
        <ele>1176.8</ele>
      </trkpt>
      <trkpt lat="47.42322" lon="10.213669">
        <ele>1174.6</ele>
      </trkpt>
      <trkpt lat="47.423263" lon="10.213926">
        <ele>1172.7</ele>
      </trkpt>
      <trkpt lat="47.423304" lon="10.214125">
        <ele>1171.7</ele>
      </trkpt>
      <trkpt lat="47.423368" lon="10.214375">
        <ele>1170.0</ele>
      </trkpt>
      <trkpt lat="47.423465" lon="10.214686">
        <ele>1167.8</ele>
      </trkpt>
      <trkpt lat="47.423561" lon="10.214997">
        <ele>1166.3</ele>
      </trkpt>
      <trkpt lat="47.423616" lon="10.21514">
        <ele>1165.7</ele>
      </trkpt>
      <trkpt lat="47.423674" lon="10.215291">
        <ele>1164.6</ele>
      </trkpt>
      <trkpt lat="47.423706" lon="10.215367">
        <ele>1163.9</ele>
      </trkpt>
      <trkpt lat="47.423791" lon="10.215564">
        <ele>1161.6</ele>
      </trkpt>
      <trkpt lat="47.423959" lon="10.215849">
        <ele>1159.0</ele>
      </trkpt>
      <trkpt lat="47.424086" lon="10.216078">
        <ele>1156.3</ele>
      </trkpt>
      <trkpt lat="47.424262" lon="10.216292">
        <ele>1154.8</ele>
      </trkpt>
      <trkpt lat="47.424465" lon="10.216524">
        <ele>1153.7</ele>
      </trkpt>
      <trkpt lat="47.424606" lon="10.216666">
        <ele>1153.5</ele>
      </trkpt>
      <trkpt lat="47.424619" lon="10.216681">
        <ele>1153.5</ele>
      </trkpt>
      <trkpt lat="47.424738" lon="10.21682">
        <ele>1153.1</ele>
      </trkpt>
      <trkpt lat="47.424869" lon="10.216992">
        <ele>1152.2</ele>
      </trkpt>
      <trkpt lat="47.425008" lon="10.217191">
        <ele>1150.5</ele>
      </trkpt>
      <trkpt lat="47.425065" lon="10.217282">
        <ele>1149.7</ele>
      </trkpt>
      <trkpt lat="47.425076" lon="10.217298">
        <ele>1149.6</ele>
      </trkpt>
      <trkpt lat="47.425234" lon="10.217543">
        <ele>1147.7</ele>
      </trkpt>
      <trkpt lat="47.425309" lon="10.217687">
        <ele>1146.1</ele>
      </trkpt>
      <trkpt lat="47.425374" lon="10.21778">
        <ele>1145.2</ele>
      </trkpt>
      <trkpt lat="47.425454" lon="10.217878">
        <ele>1144.5</ele>
      </trkpt>
      <trkpt lat="47.425482" lon="10.217897">
        <ele>1144.6</ele>
      </trkpt>
      <trkpt lat="47.425839" lon="10.218145">
        <ele>1144.9</ele>
      </trkpt>
      <trkpt lat="47.426002" lon="10.218295">
        <ele>1143.7</ele>
      </trkpt>
      <trkpt lat="47.426151" lon="10.218465">
        <ele>1141.7</ele>
      </trkpt>
      <trkpt lat="47.426368" lon="10.218732">
        <ele>1138.7</ele>
      </trkpt>
      <trkpt lat="47.426585" lon="10.218998">
        <ele>1138.1</ele>
      </trkpt>
      <trkpt lat="47.426751" lon="10.219229">
        <ele>1136.3</ele>
      </trkpt>
      <trkpt lat="47.426916" lon="10.21946">
        <ele>1134.6</ele>
      </trkpt>
      <trkpt lat="47.427136" lon="10.219799">
        <ele>1133.4</ele>
      </trkpt>
      <trkpt lat="47.427258" lon="10.220037">
        <ele>1132.4</ele>
      </trkpt>
      <trkpt lat="47.427382" lon="10.220292">
        <ele>1131.2</ele>
      </trkpt>
      <trkpt lat="47.427506" lon="10.220578">
        <ele>1130.0</ele>
      </trkpt>
      <trkpt lat="47.42761" lon="10.220786">
        <ele>1129.0</ele>
      </trkpt>
      <trkpt lat="47.427715" lon="10.220971">
        <ele>1128.2</ele>
      </trkpt>
      <trkpt lat="47.427804" lon="10.221105">
        <ele>1127.9</ele>
      </trkpt>
      <trkpt lat="47.427888" lon="10.221246">
        <ele>1127.3</ele>
      </trkpt>
      <trkpt lat="47.427973" lon="10.221373">
        <ele>1126.9</ele>
      </trkpt>
      <trkpt lat="47.428023" lon="10.2215">
        <ele>1125.7</ele>
      </trkpt>
      <trkpt lat="47.428067" lon="10.221634">
        <ele>1124.4</ele>
      </trkpt>
      <trkpt lat="47.428134" lon="10.221862">
        <ele>1122.5</ele>
      </trkpt>
      <trkpt lat="47.428219" lon="10.222093">
        <ele>1121.6</ele>
      </trkpt>
      <trkpt lat="47.428385" lon="10.222445">
        <ele>1122.3</ele>
      </trkpt>
      <trkpt lat="47.428401" lon="10.222498">
        <ele>1122.1</ele>
      </trkpt>
      <trkpt lat="47.428429" lon="10.222595">
        <ele>1121.6</ele>
      </trkpt>
      <trkpt lat="47.428435" lon="10.222669">
        <ele>1120.6</ele>
      </trkpt>
      <trkpt lat="47.428445" lon="10.222796">
        <ele>1118.9</ele>
      </trkpt>
      <trkpt lat="47.428455" lon="10.223047">
        <ele>1115.4</ele>
      </trkpt>
      <trkpt lat="47.428478" lon="10.223264">
        <ele>1113.0</ele>
      </trkpt>
      <trkpt lat="47.428518" lon="10.223472">
        <ele>1111.3</ele>
      </trkpt>
      <trkpt lat="47.428571" lon="10.223672">
        <ele>1110.1</ele>
      </trkpt>
      <trkpt lat="47.428638" lon="10.223836">
        <ele>1110.0</ele>
      </trkpt>
      <trkpt lat="47.428829" lon="10.224299">
        <ele>1111.0</ele>
      </trkpt>
      <trkpt lat="47.428919" lon="10.224623">
        <ele>1110.5</ele>
      </trkpt>
      <trkpt lat="47.428998" lon="10.224935">
        <ele>1109.9</ele>
      </trkpt>
      <trkpt lat="47.429021" lon="10.225025">
        <ele>1109.9</ele>
      </trkpt>
      <trkpt lat="47.429035" lon="10.225084">
        <ele>1110.0</ele>
      </trkpt>
      <trkpt lat="47.429058" lon="10.225226">
        <ele>1109.6</ele>
      </trkpt>
      <trkpt lat="47.429057" lon="10.225268">
        <ele>1109.1</ele>
      </trkpt>
      <trkpt lat="47.429056" lon="10.225393">
        <ele>1107.5</ele>
      </trkpt>
      <trkpt lat="47.429054" lon="10.22557">
        <ele>1105.2</ele>
      </trkpt>
      <trkpt lat="47.429071" lon="10.225743">
        <ele>1104.7</ele>
      </trkpt>
      <trkpt lat="47.429084" lon="10.225823">
        <ele>1104.9</ele>
      </trkpt>
      <trkpt lat="47.4291" lon="10.225931">
        <ele>1104.9</ele>
      </trkpt>
      <trkpt lat="47.429111" lon="10.226004">
        <ele>1104.6</ele>
      </trkpt>
      <trkpt lat="47.429175" lon="10.22653">
        <ele>1102.3</ele>
      </trkpt>
      <trkpt lat="47.429178" lon="10.226814">
        <ele>1100.5</ele>
      </trkpt>
      <trkpt lat="47.429155" lon="10.227205">
        <ele>1093.7</ele>
      </trkpt>
      <trkpt lat="47.429123" lon="10.227631">
        <ele>1086.2</ele>
      </trkpt>
      <trkpt lat="47.429102" lon="10.22819">
        <ele>1078.0</ele>
      </trkpt>
      <trkpt lat="47.429114" lon="10.228479">
        <ele>1072.8</ele>
      </trkpt>
      <trkpt lat="47.429114" lon="10.2285">
        <ele>1072.4</ele>
      </trkpt>
      <trkpt lat="47.42915" lon="10.228759">
        <ele>1068.5</ele>
      </trkpt>
      <trkpt lat="47.42921" lon="10.22897">
        <ele>1066.8</ele>
      </trkpt>
      <trkpt lat="47.429252" lon="10.229065">
        <ele>1066.8</ele>
      </trkpt>
      <trkpt lat="47.429273" lon="10.229114">
        <ele>1066.8</ele>
      </trkpt>
      <trkpt lat="47.429389" lon="10.2297">
        <ele>1058.8</ele>
      </trkpt>
      <trkpt lat="47.429462" lon="10.229951">
        <ele>1056.9</ele>
      </trkpt>
      <trkpt lat="47.429504" lon="10.230118">
        <ele>1055.3</ele>
      </trkpt>
      <trkpt lat="47.429531" lon="10.230314">
        <ele>1052.3</ele>
      </trkpt>
      <trkpt lat="47.429527" lon="10.230469">
        <ele>1048.6</ele>
      </trkpt>
      <trkpt lat="47.429481" lon="10.230603">
        <ele>1043.3</ele>
      </trkpt>
      <trkpt lat="47.429455" lon="10.230727">
        <ele>1039.3</ele>
      </trkpt>
      <trkpt lat="47.429456" lon="10.230875">
        <ele>1035.9</ele>
      </trkpt>
      <trkpt lat="47.429452" lon="10.231026">
        <ele>1032.4</ele>
      </trkpt>
      <trkpt lat="47.429436" lon="10.231136">
        <ele>1029.9</ele>
      </trkpt>
      <trkpt lat="47.429404" lon="10.231201">
        <ele>1027.9</ele>
      </trkpt>
      <trkpt lat="47.429352" lon="10.231211">
        <ele>1025.9</ele>
      </trkpt>
      <trkpt lat="47.429316" lon="10.231156">
        <ele>1025.2</ele>
      </trkpt>
      <trkpt lat="47.429315" lon="10.231155">
        <ele>1025.2</ele>
      </trkpt>
      <trkpt lat="47.429303" lon="10.231046">
        <ele>1026.6</ele>
      </trkpt>
      <trkpt lat="47.429296" lon="10.230844">
        <ele>1030.5</ele>
      </trkpt>
      <trkpt lat="47.429298" lon="10.230818">
        <ele>1031.1</ele>
      </trkpt>
      <trkpt lat="47.429315" lon="10.230592">
        <ele>1036.1</ele>
      </trkpt>
      <trkpt lat="47.429313" lon="10.230556">
        <ele>1036.7</ele>
      </trkpt>
      <trkpt lat="47.429302" lon="10.230324">
        <ele>1040.4</ele>
      </trkpt>
      <trkpt lat="47.429271" lon="10.23018">
        <ele>1041.5</ele>
      </trkpt>
      <trkpt lat="47.429234" lon="10.230152">
        <ele>1040.3</ele>
      </trkpt>
      <trkpt lat="47.429215" lon="10.230138">
        <ele>1039.7</ele>
      </trkpt>
      <trkpt lat="47.429149" lon="10.230132">
        <ele>1037.2</ele>
      </trkpt>
      <trkpt lat="47.429107" lon="10.230256">
        <ele>1033.8</ele>
      </trkpt>
      <trkpt lat="47.429049" lon="10.230564">
        <ele>1027.9</ele>
      </trkpt>
      <trkpt lat="47.428999" lon="10.2309">
        <ele>1021.5</ele>
      </trkpt>
      <trkpt lat="47.428976" lon="10.2312">
        <ele>1016.1</ele>
      </trkpt>
      <trkpt lat="47.428971" lon="10.231267">
        <ele>1015.0</ele>
      </trkpt>
      <trkpt lat="47.428926" lon="10.231907">
        <ele>1007.5</ele>
      </trkpt>
      <trkpt lat="47.428925" lon="10.23204">
        <ele>1005.5</ele>
      </trkpt>
      <trkpt lat="47.428925" lon="10.232081">
        <ele>1004.8</ele>
      </trkpt>
      <trkpt lat="47.428947" lon="10.232165">
        <ele>1004.1</ele>
      </trkpt>
      <trkpt lat="47.429014" lon="10.232211">
        <ele>1005.4</ele>
      </trkpt>
      <trkpt lat="47.429117" lon="10.232209">
        <ele>1009.2</ele>
      </trkpt>
      <trkpt lat="47.429197" lon="10.232183">
        <ele>1012.8</ele>
      </trkpt>
      <trkpt lat="47.429199" lon="10.232183">
        <ele>1012.9</ele>
      </trkpt>
      <trkpt lat="47.429265" lon="10.23218">
        <ele>1015.8</ele>
      </trkpt>
      <trkpt lat="47.429299" lon="10.232201">
        <ele>1017.1</ele>
      </trkpt>
      <trkpt lat="47.429325" lon="10.23229">
        <ele>1017.1</ele>
      </trkpt>
      <trkpt lat="47.429349" lon="10.232474">
        <ele>1015.6</ele>
      </trkpt>
      <trkpt lat="47.429358" lon="10.232764">
        <ele>1011.4</ele>
      </trkpt>
      <trkpt lat="47.429365" lon="10.233012">
        <ele>1007.6</ele>
      </trkpt>
      <trkpt lat="47.429385" lon="10.233112">
        <ele>1006.9</ele>
      </trkpt>
      <trkpt lat="47.429402" lon="10.233195">
        <ele>1006.3</ele>
      </trkpt>
      <trkpt lat="47.429415" lon="10.233259">
        <ele>1005.9</ele>
      </trkpt>
      <trkpt lat="47.429545" lon="10.233707">
        <ele>1004.8</ele>
      </trkpt>
      <trkpt lat="47.429711" lon="10.234138">
        <ele>1005.0</ele>
      </trkpt>
      <trkpt lat="47.429762" lon="10.234267">
        <ele>1004.0</ele>
      </trkpt>
      <trkpt lat="47.429854" lon="10.234518">
        <ele>1000.6</ele>
      </trkpt>
      <trkpt lat="47.429942" lon="10.234867">
        <ele>999.1</ele>
      </trkpt>
      <trkpt lat="47.429962" lon="10.235012">
        <ele>997.8</ele>
      </trkpt>
      <trkpt lat="47.429994" lon="10.235249">
        <ele>995.2</ele>
      </trkpt>
      <trkpt lat="47.430003" lon="10.235524">
        <ele>990.0</ele>
      </trkpt>
      <trkpt lat="47.429977" lon="10.23565">
        <ele>986.0</ele>
      </trkpt>
      <trkpt lat="47.429921" lon="10.235713">
        <ele>981.8</ele>
      </trkpt>
      <trkpt lat="47.429879" lon="10.235692">
        <ele>980.2</ele>
      </trkpt>
      <trkpt lat="47.429851" lon="10.235678">
        <ele>979.2</ele>
      </trkpt>
      <trkpt lat="47.429827" lon="10.23555">
        <ele>980.7</ele>
      </trkpt>
      <trkpt lat="47.429826" lon="10.235373">
        <ele>983.9</ele>
      </trkpt>
      <trkpt lat="47.429813" lon="10.235179">
        <ele>986.3</ele>
      </trkpt>
      <trkpt lat="47.429766" lon="10.235014">
        <ele>986.0</ele>
      </trkpt>
      <trkpt lat="47.429709" lon="10.234933">
        <ele>984.4</ele>
      </trkpt>
      <trkpt lat="47.429677" lon="10.234887">
        <ele>983.6</ele>
      </trkpt>
      <trkpt lat="47.429647" lon="10.234858">
        <ele>982.8</ele>
      </trkpt>
      <trkpt lat="47.429513" lon="10.234725">
        <ele>980.0</ele>
      </trkpt>
      <trkpt lat="47.429329" lon="10.234543">
        <ele>976.6</ele>
      </trkpt>
      <trkpt lat="47.429051" lon="10.234289">
        <ele>968.5</ele>
      </trkpt>
      <trkpt lat="47.428943" lon="10.234182">
        <ele>965.7</ele>
      </trkpt>
      <trkpt lat="47.428932" lon="10.23405">
        <ele>967.9</ele>
      </trkpt>
      <trkpt lat="47.428925" lon="10.23388">
        <ele>971.0</ele>
      </trkpt>
      <trkpt lat="47.428903" lon="10.233756">
        <ele>972.4</ele>
      </trkpt>
      <trkpt lat="47.428861" lon="10.233703">
        <ele>971.6</ele>
      </trkpt>
      <trkpt lat="47.428804" lon="10.233697">
        <ele>969.4</ele>
      </trkpt>
      <trkpt lat="47.42877" lon="10.233727">
        <ele>967.4</ele>
      </trkpt>
      <trkpt lat="47.42876" lon="10.233767">
        <ele>966.2</ele>
      </trkpt>
      <trkpt lat="47.428754" lon="10.233941">
        <ele>962.4</ele>
      </trkpt>
      <trkpt lat="47.428767" lon="10.23434">
        <ele>954.3</ele>
      </trkpt>
      <trkpt lat="47.428809" lon="10.234442">
        <ele>953.9</ele>
      </trkpt>
      <trkpt lat="47.428814" lon="10.234451">
        <ele>954.0</ele>
      </trkpt>
      <trkpt lat="47.428908" lon="10.234614">
        <ele>954.8</ele>
      </trkpt>
      <trkpt lat="47.429005" lon="10.234808">
        <ele>955.2</ele>
      </trkpt>
      <trkpt lat="47.429081" lon="10.23501">
        <ele>954.6</ele>
      </trkpt>
      <trkpt lat="47.429196" lon="10.235262">
        <ele>954.9</ele>
      </trkpt>
      <trkpt lat="47.429208" lon="10.23536">
        <ele>953.4</ele>
      </trkpt>
      <trkpt lat="47.429189" lon="10.235489">
        <ele>949.6</ele>
      </trkpt>
      <trkpt lat="47.429173" lon="10.235514">
        <ele>948.2</ele>
      </trkpt>
      <trkpt lat="47.42913" lon="10.235507">
        <ele>946.2</ele>
      </trkpt>
      <trkpt lat="47.429075" lon="10.235424">
        <ele>945.3</ele>
      </trkpt>
      <trkpt lat="47.428971" lon="10.235187">
        <ele>945.4</ele>
      </trkpt>
      <trkpt lat="47.428921" lon="10.235122">
        <ele>944.3</ele>
      </trkpt>
      <trkpt lat="47.428831" lon="10.235089">
        <ele>940.7</ele>
      </trkpt>
      <trkpt lat="47.428729" lon="10.235051">
        <ele>936.7</ele>
      </trkpt>
      <trkpt lat="47.4286" lon="10.23499">
        <ele>932.2</ele>
      </trkpt>
      <trkpt lat="47.428502" lon="10.234931">
        <ele>929.2</ele>
      </trkpt>
      <trkpt lat="47.428423" lon="10.234821">
        <ele>928.3</ele>
      </trkpt>
      <trkpt lat="47.428391" lon="10.234776">
        <ele>927.9</ele>
      </trkpt>
      <trkpt lat="47.428252" lon="10.234368">
        <ele>931.2</ele>
      </trkpt>
      <trkpt lat="47.428203" lon="10.234304">
        <ele>930.8</ele>
      </trkpt>
      <trkpt lat="47.428153" lon="10.234274">
        <ele>929.6</ele>
      </trkpt>
      <trkpt lat="47.428087" lon="10.23427">
        <ele>927.4</ele>
      </trkpt>
      <trkpt lat="47.42805" lon="10.234303">
        <ele>925.4</ele>
      </trkpt>
      <trkpt lat="47.428028" lon="10.23435">
        <ele>923.4</ele>
      </trkpt>
      <trkpt lat="47.42803" lon="10.234521">
        <ele>919.0</ele>
      </trkpt>
      <trkpt lat="47.428104" lon="10.234753">
        <ele>916.8</ele>
      </trkpt>
      <trkpt lat="47.428188" lon="10.234945">
        <ele>916.3</ele>
      </trkpt>
      <trkpt lat="47.428215" lon="10.235008">
        <ele>916.1</ele>
      </trkpt>
      <trkpt lat="47.428256" lon="10.235105">
        <ele>915.7</ele>
      </trkpt>
      <trkpt lat="47.428264" lon="10.235166">
        <ele>914.7</ele>
      </trkpt>
      <trkpt lat="47.428279" lon="10.235291">
        <ele>912.7</ele>
      </trkpt>
      <trkpt lat="47.42833" lon="10.235403">
        <ele>912.2</ele>
      </trkpt>
      <trkpt lat="47.428363" lon="10.235474">
        <ele>911.9</ele>
      </trkpt>
      <trkpt lat="47.428482" lon="10.235682">
        <ele>911.8</ele>
      </trkpt>
      <trkpt lat="47.42851" lon="10.235773">
        <ele>910.8</ele>
      </trkpt>
      <trkpt lat="47.428516" lon="10.235793">
        <ele>910.5</ele>
      </trkpt>
      <trkpt lat="47.428509" lon="10.235875">
        <ele>908.3</ele>
      </trkpt>
      <trkpt lat="47.428472" lon="10.23592">
        <ele>905.7</ele>
      </trkpt>
      <trkpt lat="47.428398" lon="10.23588">
        <ele>903.8</ele>
      </trkpt>
      <trkpt lat="47.428338" lon="10.235813">
        <ele>903.2</ele>
      </trkpt>
      <trkpt lat="47.428069" lon="10.235512">
        <ele>900.9</ele>
      </trkpt>
      <trkpt lat="47.428005" lon="10.235462">
        <ele>900.0</ele>
      </trkpt>
      <trkpt lat="47.427967" lon="10.235465">
        <ele>898.9</ele>
      </trkpt>
      <trkpt lat="47.427951" lon="10.235472">
        <ele>898.3</ele>
      </trkpt>
      <trkpt lat="47.427936" lon="10.235494">
        <ele>897.5</ele>
      </trkpt>
      <trkpt lat="47.427931" lon="10.235522">
        <ele>896.8</ele>
      </trkpt>
      <trkpt lat="47.427936" lon="10.235626">
        <ele>894.8</ele>
      </trkpt>
      <trkpt lat="47.428026" lon="10.235791">
        <ele>893.7</ele>
      </trkpt>
      <trkpt lat="47.428159" lon="10.236003">
        <ele>893.0</ele>
      </trkpt>
      <trkpt lat="47.428249" lon="10.236147">
        <ele>892.5</ele>
      </trkpt>
      <trkpt lat="47.428285" lon="10.236181">
        <ele>892.8</ele>
      </trkpt>
      <trkpt lat="47.428367" lon="10.236261">
        <ele>893.4</ele>
      </trkpt>
      <trkpt lat="47.428505" lon="10.236352">
        <ele>895.6</ele>
      </trkpt>
      <trkpt lat="47.428582" lon="10.23642">
        <ele>896.2</ele>
      </trkpt>
      <trkpt lat="47.428643" lon="10.236545">
        <ele>894.3</ele>
      </trkpt>
      <trkpt lat="47.428747" lon="10.236865">
        <ele>885.9</ele>
      </trkpt>
      <trkpt lat="47.428768" lon="10.23693">
        <ele>883.9</ele>
      </trkpt>
      <trkpt lat="47.428852" lon="10.237062">
        <ele>880.8</ele>
      </trkpt>
      <trkpt lat="47.428992" lon="10.237215">
        <ele>878.4</ele>
      </trkpt>
      <trkpt lat="47.429082" lon="10.237324">
        <ele>876.6</ele>
      </trkpt>
      <trkpt lat="47.429213" lon="10.237404">
        <ele>875.7</ele>
      </trkpt>
      <trkpt lat="47.429376" lon="10.237443">
        <ele>875.8</ele>
      </trkpt>
      <trkpt lat="47.42951" lon="10.237491">
        <ele>874.2</ele>
      </trkpt>
      <trkpt lat="47.429516" lon="10.237493">
        <ele>874.1</ele>
      </trkpt>
      <trkpt lat="47.429575" lon="10.237539">
        <ele>871.8</ele>
      </trkpt>
      <trkpt lat="47.429615" lon="10.23757">
        <ele>870.3</ele>
      </trkpt>
      <trkpt lat="47.429669" lon="10.237668">
        <ele>866.9</ele>
      </trkpt>
      <trkpt lat="47.429685" lon="10.237783">
        <ele>864.4</ele>
      </trkpt>
      <trkpt lat="47.429682" lon="10.237855">
        <ele>863.4</ele>
      </trkpt>
      <trkpt lat="47.429676" lon="10.238012">
        <ele>862.2</ele>
      </trkpt>
      <trkpt lat="47.429649" lon="10.238189">
        <ele>861.8</ele>
      </trkpt>
      <trkpt lat="47.42969" lon="10.238218">
        <ele>861.6</ele>
      </trkpt>
      <trkpt lat="47.429706" lon="10.238232">
        <ele>861.6</ele>
      </trkpt>
      <trkpt lat="47.429721" lon="10.238249">
        <ele>861.5</ele>
      </trkpt>
      <trkpt lat="47.42974" lon="10.238276">
        <ele>861.4</ele>
      </trkpt>
      <trkpt lat="47.42978" lon="10.238345">
        <ele>861.3</ele>
      </trkpt>
      <trkpt lat="47.429913" lon="10.238564">
        <ele>861.3</ele>
      </trkpt>
      <trkpt lat="47.429984" lon="10.238684">
        <ele>861.2</ele>
      </trkpt>
      <trkpt lat="47.430106" lon="10.238891">
        <ele>860.9</ele>
      </trkpt>
      <trkpt lat="47.430368" lon="10.239296">
        <ele>862.1</ele>
      </trkpt>
      <trkpt lat="47.43064" lon="10.239691">
        <ele>863.9</ele>
      </trkpt>
      <trkpt lat="47.430696" lon="10.239764">
        <ele>864.2</ele>
      </trkpt>
      <trkpt lat="47.430748" lon="10.239831">
        <ele>864.5</ele>
      </trkpt>
      <trkpt lat="47.430789" lon="10.239867">
        <ele>864.4</ele>
      </trkpt>
      <trkpt lat="47.430839" lon="10.239891">
        <ele>863.8</ele>
      </trkpt>
      <trkpt lat="47.430947" lon="10.239916">
        <ele>862.5</ele>
      </trkpt>
      <trkpt lat="47.430968" lon="10.239916">
        <ele>862.2</ele>
      </trkpt>
      <trkpt lat="47.431056" lon="10.239903">
        <ele>861.4</ele>
      </trkpt>
      <trkpt lat="47.431213" lon="10.239843">
        <ele>861.4</ele>
      </trkpt>
      <trkpt lat="47.431222" lon="10.239842">
        <ele>861.4</ele>
      </trkpt>
      <trkpt lat="47.431251" lon="10.239838">
        <ele>861.6</ele>
      </trkpt>
      <trkpt lat="47.431472" lon="10.239843">
        <ele>862.9</ele>
      </trkpt>
      <trkpt lat="47.431591" lon="10.239852">
        <ele>863.7</ele>
      </trkpt>
      <trkpt lat="47.431739" lon="10.239882">
        <ele>864.4</ele>
      </trkpt>
      <trkpt lat="47.431779" lon="10.23989">
        <ele>864.6</ele>
      </trkpt>
      <trkpt lat="47.432015" lon="10.240006">
        <ele>865.3</ele>
      </trkpt>
      <trkpt lat="47.432356" lon="10.240243">
        <ele>866.1</ele>
      </trkpt>
      <trkpt lat="47.432698" lon="10.240479">
        <ele>866.7</ele>
      </trkpt>
      <trkpt lat="47.432884" lon="10.240609">
        <ele>867.6</ele>
      </trkpt>
      <trkpt lat="47.433039" lon="10.240716">
        <ele>868.3</ele>
      </trkpt>
      <trkpt lat="47.433207" lon="10.240898">
        <ele>869.7</ele>
      </trkpt>
      <trkpt lat="47.433233" lon="10.240932">
        <ele>870.0</ele>
      </trkpt>
      <trkpt lat="47.433497" lon="10.241445">
        <ele>870.2</ele>
      </trkpt>
      <trkpt lat="47.433639" lon="10.241646">
        <ele>869.4</ele>
      </trkpt>
      <trkpt lat="47.433724" lon="10.241714">
        <ele>869.7</ele>
      </trkpt>
      <trkpt lat="47.433862" lon="10.241788">
        <ele>870.8</ele>
      </trkpt>
      <trkpt lat="47.434061" lon="10.241899">
        <ele>872.2</ele>
      </trkpt>
      <trkpt lat="47.434398" lon="10.242072">
        <ele>873.9</ele>
      </trkpt>
      <trkpt lat="47.434571" lon="10.242202">
        <ele>871.1</ele>
      </trkpt>
      <trkpt lat="47.434716" lon="10.242302">
        <ele>868.3</ele>
      </trkpt>
      <trkpt lat="47.434856" lon="10.242414">
        <ele>864.6</ele>
      </trkpt>
      <trkpt lat="47.434989" lon="10.242597">
        <ele>858.2</ele>
      </trkpt>
      <trkpt lat="47.435066" lon="10.242703">
        <ele>854.5</ele>
      </trkpt>
      <trkpt lat="47.435085" lon="10.242741">
        <ele>853.2</ele>
      </trkpt>
      <trkpt lat="47.43535" lon="10.242436">
        <ele>863.6</ele>
      </trkpt>
      <trkpt lat="47.435475" lon="10.242318">
        <ele>865.5</ele>
      </trkpt>
      <trkpt lat="47.435587" lon="10.242142">
        <ele>869.1</ele>
      </trkpt>
      <trkpt lat="47.435704" lon="10.241899">
        <ele>874.9</ele>
      </trkpt>
      <trkpt lat="47.43583" lon="10.241838">
        <ele>873.2</ele>
      </trkpt>
      <trkpt lat="47.436053" lon="10.241783">
        <ele>868.4</ele>
      </trkpt>
      <trkpt lat="47.436249" lon="10.241691">
        <ele>865.4</ele>
      </trkpt>
      <trkpt lat="47.436382" lon="10.241597">
        <ele>864.1</ele>
      </trkpt>
      <trkpt lat="47.43642" lon="10.24157">
        <ele>863.7</ele>
      </trkpt>
      <trkpt lat="47.436526" lon="10.241433">
        <ele>862.8</ele>
      </trkpt>
      <trkpt lat="47.436602" lon="10.241168">
        <ele>861.1</ele>
      </trkpt>
      <trkpt lat="47.436613" lon="10.241067">
        <ele>860.7</ele>
      </trkpt>
      <trkpt lat="47.436615" lon="10.240977">
        <ele>860.8</ele>
      </trkpt>
      <trkpt lat="47.436589" lon="10.240841">
        <ele>862.4</ele>
      </trkpt>
      <trkpt lat="47.436585" lon="10.240828">
        <ele>862.6</ele>
      </trkpt>
      <trkpt lat="47.436525" lon="10.240629">
        <ele>866.8</ele>
      </trkpt>
      <trkpt lat="47.43646" lon="10.240345">
        <ele>872.8</ele>
      </trkpt>
      <trkpt lat="47.436415" lon="10.24006">
        <ele>878.4</ele>
      </trkpt>
      <trkpt lat="47.436392" lon="10.239817">
        <ele>882.8</ele>
      </trkpt>
      <trkpt lat="47.436394" lon="10.239738">
        <ele>883.7</ele>
      </trkpt>
      <trkpt lat="47.436438" lon="10.239192">
        <ele>884.9</ele>
      </trkpt>
      <trkpt lat="47.436457" lon="10.238828">
        <ele>883.0</ele>
      </trkpt>
      <trkpt lat="47.436402" lon="10.23822">
        <ele>899.1</ele>
      </trkpt>
      <trkpt lat="47.436394" lon="10.238073">
        <ele>903.9</ele>
      </trkpt>
      <trkpt lat="47.436386" lon="10.237926">
        <ele>908.0</ele>
      </trkpt>
      <trkpt lat="47.43637" lon="10.237619">
        <ele>913.9</ele>
      </trkpt>
      <trkpt lat="47.436359" lon="10.237406">
        <ele>917.1</ele>
      </trkpt>
      <trkpt lat="47.436483" lon="10.237275">
        <ele>911.9</ele>
      </trkpt>
      <trkpt lat="47.436616" lon="10.237135">
        <ele>906.4</ele>
      </trkpt>
      <trkpt lat="47.436749" lon="10.236973">
        <ele>899.9</ele>
      </trkpt>
      <trkpt lat="47.436948" lon="10.237001">
        <ele>885.3</ele>
      </trkpt>
      <trkpt lat="47.437014" lon="10.236995">
        <ele>882.3</ele>
      </trkpt>
      <trkpt lat="47.437046" lon="10.236985">
        <ele>881.4</ele>
      </trkpt>
      <trkpt lat="47.437094" lon="10.236961">
        <ele>880.4</ele>
      </trkpt>
      <trkpt lat="47.437323" lon="10.236776">
        <ele>878.9</ele>
      </trkpt>
      <trkpt lat="47.437372" lon="10.236738">
        <ele>878.6</ele>
      </trkpt>
      <trkpt lat="47.437391" lon="10.236732">
        <ele>878.4</ele>
      </trkpt>
      <trkpt lat="47.437437" lon="10.236742">
        <ele>877.9</ele>
      </trkpt>
      <trkpt lat="47.437519" lon="10.236776">
        <ele>877.4</ele>
      </trkpt>
      <trkpt lat="47.437822" lon="10.236948">
        <ele>878.0</ele>
      </trkpt>
      <trkpt lat="47.438125" lon="10.23712">
        <ele>878.9</ele>
      </trkpt>
      <trkpt lat="47.438276" lon="10.237191">
        <ele>879.7</ele>
      </trkpt>
      <trkpt lat="47.438438" lon="10.237208">
        <ele>880.2</ele>
      </trkpt>
      <trkpt lat="47.438689" lon="10.237216">
        <ele>880.7</ele>
      </trkpt>
      <trkpt lat="47.438817" lon="10.237259">
        <ele>880.2</ele>
      </trkpt>
      <trkpt lat="47.438948" lon="10.237293">
        <ele>879.5</ele>
      </trkpt>
      <trkpt lat="47.439127" lon="10.237286">
        <ele>879.6</ele>
      </trkpt>
      <trkpt lat="47.439337" lon="10.237251">
        <ele>879.8</ele>
      </trkpt>
      <trkpt lat="47.439373" lon="10.237245">
        <ele>879.8</ele>
      </trkpt>
      <trkpt lat="47.439619" lon="10.237204">
        <ele>880.0</ele>
      </trkpt>
      <trkpt lat="47.439871" lon="10.237192">
        <ele>880.8</ele>
      </trkpt>
      <trkpt lat="47.440124" lon="10.23718">
        <ele>880.2</ele>
      </trkpt>
      <trkpt lat="47.44011" lon="10.237163">
        <ele>880.3</ele>
      </trkpt>
      <trkpt lat="47.440078" lon="10.237037">
        <ele>880.7</ele>
      </trkpt>
      <trkpt lat="47.44003" lon="10.236722">
        <ele>883.3</ele>
      </trkpt>
      <trkpt lat="47.44" lon="10.236364">
        <ele>886.4</ele>
      </trkpt>
      <trkpt lat="47.439999" lon="10.236039">
        <ele>889.3</ele>
      </trkpt>
      <trkpt lat="47.439994" lon="10.235937">
        <ele>890.1</ele>
      </trkpt>
      <trkpt lat="47.43999" lon="10.235854">
        <ele>890.6</ele>
      </trkpt>
      <trkpt lat="47.439979" lon="10.235735">
        <ele>891.2</ele>
      </trkpt>
      <trkpt lat="47.439938" lon="10.23565">
        <ele>891.7</ele>
      </trkpt>
      <trkpt lat="47.439916" lon="10.235616">
        <ele>892.0</ele>
      </trkpt>
      <trkpt lat="47.439929" lon="10.235439">
        <ele>892.4</ele>
      </trkpt>
      <trkpt lat="47.439935" lon="10.23543">
        <ele>892.4</ele>
      </trkpt>
      <trkpt lat="47.439945" lon="10.235401">
        <ele>892.5</ele>
      </trkpt>
      <trkpt lat="47.43995" lon="10.235368">
        <ele>892.7</ele>
      </trkpt>
      <trkpt lat="47.439949" lon="10.235336">
        <ele>893.0</ele>
      </trkpt>
      <trkpt lat="47.4399" lon="10.235113">
        <ele>895.7</ele>
      </trkpt>
      <trkpt lat="47.439918" lon="10.234889">
        <ele>898.5</ele>
      </trkpt>
      <trkpt lat="47.439915" lon="10.234696">
        <ele>900.1</ele>
      </trkpt>
      <trkpt lat="47.439909" lon="10.234664">
        <ele>900.4</ele>
      </trkpt>
      <trkpt lat="47.4399" lon="10.234642">
        <ele>900.6</ele>
      </trkpt>
      <trkpt lat="47.439846" lon="10.234577">
        <ele>901.4</ele>
      </trkpt>
      <trkpt lat="47.439829" lon="10.234558">
        <ele>901.6</ele>
      </trkpt>
      <trkpt lat="47.439825" lon="10.234553">
        <ele>901.7</ele>
      </trkpt>
      <trkpt lat="47.439775" lon="10.234455">
        <ele>903.0</ele>
      </trkpt>
      <trkpt lat="47.439736" lon="10.234362">
        <ele>904.2</ele>
      </trkpt>
      <trkpt lat="47.439708" lon="10.23419">
        <ele>906.0</ele>
      </trkpt>
      <trkpt lat="47.439709" lon="10.234023">
        <ele>907.9</ele>
      </trkpt>
      <trkpt lat="47.439687" lon="10.233818">
        <ele>910.9</ele>
      </trkpt>
      <trkpt lat="47.439666" lon="10.233657">
        <ele>913.6</ele>
      </trkpt>
      <trkpt lat="47.439675" lon="10.233522">
        <ele>915.9</ele>
      </trkpt>
      <trkpt lat="47.439709" lon="10.233436">
        <ele>917.4</ele>
      </trkpt>
      <trkpt lat="47.439739" lon="10.233363">
        <ele>918.7</ele>
      </trkpt>
      <trkpt lat="47.439788" lon="10.233188">
        <ele>921.7</ele>
      </trkpt>
      <trkpt lat="47.439829" lon="10.23303">
        <ele>924.6</ele>
      </trkpt>
      <trkpt lat="47.439916" lon="10.232941">
        <ele>926.0</ele>
      </trkpt>
      <trkpt lat="47.439954" lon="10.232918">
        <ele>926.3</ele>
      </trkpt>
      <trkpt lat="47.43984" lon="10.232896">
        <ele>927.1</ele>
      </trkpt>
      <trkpt lat="47.43977" lon="10.232912">
        <ele>927.0</ele>
      </trkpt>
      <trkpt lat="47.439844" lon="10.232306">
        <ele>935.46186</ele>
      </trkpt>
      <trkpt lat="47.440439" lon="10.232241">
        <ele>945.91519</ele>
      </trkpt>
      <trkpt lat="47.441028" lon="10.230881">
        <ele>960.4</ele>
      </trkpt>
      <trkpt lat="47.441104" lon="10.230957">
        <ele>961.6</ele>
      </trkpt>
      <trkpt lat="47.441272" lon="10.231046">
        <ele>961.2</ele>
      </trkpt>
      <trkpt lat="47.441389" lon="10.231194">
        <ele>963.2</ele>
      </trkpt>
      <trkpt lat="47.441545" lon="10.231322">
        <ele>964.3</ele>
      </trkpt>
      <trkpt lat="47.441824" lon="10.231313">
        <ele>960.7</ele>
      </trkpt>
      <trkpt lat="47.442066" lon="10.231295">
        <ele>957.4</ele>
      </trkpt>
      <trkpt lat="47.442307" lon="10.231278">
        <ele>954.0</ele>
      </trkpt>
      <trkpt lat="47.442438" lon="10.231331">
        <ele>954.8</ele>
      </trkpt>
      <trkpt lat="47.442421" lon="10.231346">
        <ele>955.7</ele>
      </trkpt>
      <trkpt lat="47.442358" lon="10.231403">
        <ele>958.8</ele>
      </trkpt>
      <trkpt lat="47.442303" lon="10.231453">
        <ele>961.2</ele>
      </trkpt>
      <trkpt lat="47.442363" lon="10.231526">
        <ele>963.5</ele>
      </trkpt>
      <trkpt lat="47.442221" lon="10.231664">
        <ele>968.4</ele>
      </trkpt>
      <trkpt lat="47.442204" lon="10.231768">
        <ele>970.0</ele>
      </trkpt>
      <trkpt lat="47.4426" lon="10.231895">
        <ele>968.9</ele>
      </trkpt>
      <trkpt lat="47.442997" lon="10.232015">
        <ele>964.2</ele>
      </trkpt>
      <trkpt lat="47.443271" lon="10.231971">
        <ele>962.8</ele>
      </trkpt>
      <trkpt lat="47.443361" lon="10.231983">
        <ele>961.9</ele>
      </trkpt>
      <trkpt lat="47.443471" lon="10.232016">
        <ele>960.4</ele>
      </trkpt>
      <trkpt lat="47.44381" lon="10.232149">
        <ele>954.1</ele>
      </trkpt>
      <trkpt lat="47.444149" lon="10.232282">
        <ele>946.9</ele>
      </trkpt>
      <trkpt lat="47.444393" lon="10.232423">
        <ele>940.6</ele>
      </trkpt>
      <trkpt lat="47.444508" lon="10.23249">
        <ele>937.6</ele>
      </trkpt>
      <trkpt lat="47.444607" lon="10.232506">
        <ele>935.9</ele>
      </trkpt>
      <trkpt lat="47.444667" lon="10.232487">
        <ele>935.5</ele>
      </trkpt>
      <trkpt lat="47.444731" lon="10.232416">
        <ele>935.8</ele>
      </trkpt>
      <trkpt lat="47.444757" lon="10.232368">
        <ele>935.8</ele>
      </trkpt>
      <trkpt lat="47.44491" lon="10.232091">
        <ele>935.2</ele>
      </trkpt>
      <trkpt lat="47.445158" lon="10.231766">
        <ele>930.3</ele>
      </trkpt>
      <trkpt lat="47.44535" lon="10.231588">
        <ele>925.3</ele>
      </trkpt>
      <trkpt lat="47.445493" lon="10.231531">
        <ele>921.0</ele>
      </trkpt>
      <trkpt lat="47.445569" lon="10.231522">
        <ele>918.3</ele>
      </trkpt>
      <trkpt lat="47.445583" lon="10.23152">
        <ele>917.8</ele>
      </trkpt>
      <trkpt lat="47.44569" lon="10.23154">
        <ele>913.6</ele>
      </trkpt>
      <trkpt lat="47.445771" lon="10.231567">
        <ele>909.9</ele>
      </trkpt>
      <trkpt lat="47.445841" lon="10.231654">
        <ele>907.7</ele>
      </trkpt>
      <trkpt lat="47.445917" lon="10.231784">
        <ele>905.6</ele>
      </trkpt>
      <trkpt lat="47.44596" lon="10.231898">
        <ele>905.1</ele>
      </trkpt>
      <trkpt lat="47.446062" lon="10.232321">
        <ele>906.1</ele>
      </trkpt>
      <trkpt lat="47.446066" lon="10.232408">
        <ele>906.5</ele>
      </trkpt>
      <trkpt lat="47.446057" lon="10.232416">
        <ele>906.6</ele>
      </trkpt>
      <trkpt lat="47.446066" lon="10.232408">
        <ele>906.5</ele>
      </trkpt>
      <trkpt lat="47.446189" lon="10.232006">
        <ele>900.4</ele>
      </trkpt>
      <trkpt lat="47.446312" lon="10.231603">
        <ele>896.2</ele>
      </trkpt>
      <trkpt lat="47.446482" lon="10.231665">
        <ele>900.6</ele>
      </trkpt>
      <trkpt lat="47.446571" lon="10.231669">
        <ele>900.8</ele>
      </trkpt>
      <trkpt lat="47.446634" lon="10.231667">
        <ele>899.5</ele>
      </trkpt>
      <trkpt lat="47.446661" lon="10.231688">
        <ele>898.7</ele>
      </trkpt>
      <trkpt lat="47.446684" lon="10.231706">
        <ele>898.1</ele>
      </trkpt>
      <trkpt lat="47.446738" lon="10.231961">
        <ele>898.2</ele>
      </trkpt>
      <trkpt lat="47.446787" lon="10.232322">
        <ele>898.5</ele>
      </trkpt>
      <trkpt lat="47.446821" lon="10.232463">
        <ele>897.9</ele>
      </trkpt>
      <trkpt lat="47.446919" lon="10.232724">
        <ele>895.6</ele>
      </trkpt>
      <trkpt lat="47.446984" lon="10.232835">
        <ele>893.8</ele>
      </trkpt>
      <trkpt lat="47.447055" lon="10.232945">
        <ele>891.9</ele>
      </trkpt>
      <trkpt lat="47.447069" lon="10.232979">
        <ele>891.6</ele>
      </trkpt>
      <trkpt lat="47.447135" lon="10.233135">
        <ele>890.8</ele>
      </trkpt>
      <trkpt lat="47.447207" lon="10.233325">
        <ele>892.9</ele>
      </trkpt>
      <trkpt lat="47.447294" lon="10.233396">
        <ele>893.9</ele>
      </trkpt>
      <trkpt lat="47.447411" lon="10.23341">
        <ele>893.1</ele>
      </trkpt>
      <trkpt lat="47.447665" lon="10.233487">
        <ele>891.8</ele>
      </trkpt>
      <trkpt lat="47.447686" lon="10.233474">
        <ele>891.4</ele>
      </trkpt>
      <trkpt lat="47.447764" lon="10.233425">
        <ele>889.6</ele>
      </trkpt>
      <trkpt lat="47.447792" lon="10.233367">
        <ele>888.6</ele>
      </trkpt>
      <trkpt lat="47.447804" lon="10.233341">
        <ele>888.2</ele>
      </trkpt>
      <trkpt lat="47.447843" lon="10.233352">
        <ele>888.1</ele>
      </trkpt>
      <trkpt lat="47.448131" lon="10.233428">
        <ele>886.1</ele>
      </trkpt>
      <trkpt lat="47.448249" lon="10.233465">
        <ele>884.5</ele>
      </trkpt>
      <trkpt lat="47.448286" lon="10.233485">
        <ele>883.8</ele>
      </trkpt>
      <trkpt lat="47.448324" lon="10.233507">
        <ele>882.9</ele>
      </trkpt>
      <trkpt lat="47.448336" lon="10.233518">
        <ele>882.6</ele>
      </trkpt>
      <trkpt lat="47.44838" lon="10.233559">
        <ele>881.3</ele>
      </trkpt>
      <trkpt lat="47.448377" lon="10.233581">
        <ele>881.1</ele>
      </trkpt>
      <trkpt lat="47.448372" lon="10.233635">
        <ele>880.6</ele>
      </trkpt>
      <trkpt lat="47.448372" lon="10.233639">
        <ele>880.6</ele>
      </trkpt>
      <trkpt lat="47.448364" lon="10.233719">
        <ele>879.9</ele>
      </trkpt>
      <trkpt lat="47.448345" lon="10.233921">
        <ele>878.5</ele>
      </trkpt>
      <trkpt lat="47.448496" lon="10.233874">
        <ele>875.6</ele>
      </trkpt>
      <trkpt lat="47.448586" lon="10.23386">
        <ele>873.5</ele>
      </trkpt>
      <trkpt lat="47.448659" lon="10.233875">
        <ele>871.5</ele>
      </trkpt>
      <trkpt lat="47.448726" lon="10.233901">
        <ele>869.8</ele>
      </trkpt>
      <trkpt lat="47.448631" lon="10.234366">
        <ele>869.6</ele>
      </trkpt>
      <trkpt lat="47.448806" lon="10.234219">
        <ele>866.8</ele>
      </trkpt>
      <trkpt lat="47.448814" lon="10.234213">
        <ele>866.7</ele>
      </trkpt>
      <trkpt lat="47.448944" lon="10.234172">
        <ele>864.9</ele>
      </trkpt>
      <trkpt lat="47.448954" lon="10.234215">
        <ele>864.6</ele>
      </trkpt>
      <trkpt lat="47.449008" lon="10.234584">
        <ele>861.9</ele>
      </trkpt>
      <trkpt lat="47.449014" lon="10.234875">
        <ele>861.0</ele>
      </trkpt>
      <trkpt lat="47.449023" lon="10.235275">
        <ele>859.9</ele>
      </trkpt>
      <trkpt lat="47.449022" lon="10.235288">
        <ele>859.8</ele>
      </trkpt>
      <trkpt lat="47.449024" lon="10.235323">
        <ele>859.6</ele>
      </trkpt>
      <trkpt lat="47.449027" lon="10.235335">
        <ele>859.5</ele>
      </trkpt>
      <trkpt lat="47.449061" lon="10.235682">
        <ele>858.2</ele>
      </trkpt>
      <trkpt lat="47.449095" lon="10.236029">
        <ele>857.1</ele>
      </trkpt>
      <trkpt lat="47.449139" lon="10.236254">
        <ele>856.1</ele>
      </trkpt>
      <trkpt lat="47.449151" lon="10.236314">
        <ele>855.8</ele>
      </trkpt>
      <trkpt lat="47.449193" lon="10.236488">
        <ele>855.6</ele>
      </trkpt>
      <trkpt lat="47.449251" lon="10.236707">
        <ele>854.5</ele>
      </trkpt>
      <trkpt lat="47.449298" lon="10.236876">
        <ele>853.4</ele>
      </trkpt>
      <trkpt lat="47.449374" lon="10.237276">
        <ele>851.4</ele>
      </trkpt>
      <trkpt lat="47.449518" lon="10.237242">
        <ele>851.5</ele>
      </trkpt>
      <trkpt lat="47.44953" lon="10.237239">
        <ele>851.5</ele>
      </trkpt>
      <trkpt lat="47.449594" lon="10.23723">
        <ele>851.5</ele>
      </trkpt>
      <trkpt lat="47.449641" lon="10.237227">
        <ele>851.5</ele>
      </trkpt>
      <trkpt lat="47.449684" lon="10.237227">
        <ele>851.5</ele>
      </trkpt>
      <trkpt lat="47.44973" lon="10.237259">
        <ele>851.4</ele>
      </trkpt>
      <trkpt lat="47.449759" lon="10.23731">
        <ele>851.2</ele>
      </trkpt>
      <trkpt lat="47.449785" lon="10.237406">
        <ele>850.8</ele>
      </trkpt>
      <trkpt lat="47.449836" lon="10.237689">
        <ele>849.6</ele>
      </trkpt>
      <trkpt lat="47.449894" lon="10.237816">
        <ele>849.0</ele>
      </trkpt>
      <trkpt lat="47.449913" lon="10.237856">
        <ele>848.8</ele>
      </trkpt>
      <trkpt lat="47.450057" lon="10.2381">
        <ele>847.5</ele>
      </trkpt>
      <trkpt lat="47.450081" lon="10.23814">
        <ele>847.3</ele>
      </trkpt>
      <trkpt lat="47.450238" lon="10.238485">
        <ele>845.6</ele>
      </trkpt>
      <trkpt lat="47.450425" lon="10.238882">
        <ele>844.0</ele>
      </trkpt>
      <trkpt lat="47.450474" lon="10.238986">
        <ele>843.7</ele>
      </trkpt>
      <trkpt lat="47.450612" lon="10.23928">
        <ele>843.0</ele>
      </trkpt>
      <trkpt lat="47.450658" lon="10.239378">
        <ele>842.8</ele>
      </trkpt>
      <trkpt lat="47.450813" lon="10.239677">
        <ele>842.3</ele>
      </trkpt>
      <trkpt lat="47.450969" lon="10.239976">
        <ele>841.6</ele>
      </trkpt>
      <trkpt lat="47.451072" lon="10.24014">
        <ele>841.2</ele>
      </trkpt>
      <trkpt lat="47.451308" lon="10.240289">
        <ele>840.1</ele>
      </trkpt>
      <trkpt lat="47.451543" lon="10.240437">
        <ele>838.7</ele>
      </trkpt>
      <trkpt lat="47.451671" lon="10.240608">
        <ele>837.9</ele>
      </trkpt>
      <trkpt lat="47.451747" lon="10.240727">
        <ele>837.2</ele>
      </trkpt>
      <trkpt lat="47.45193" lon="10.240842">
        <ele>835.6</ele>
      </trkpt>
      <trkpt lat="47.452033" lon="10.240957">
        <ele>834.6</ele>
      </trkpt>
      <trkpt lat="47.452306" lon="10.241394">
        <ele>831.9</ele>
      </trkpt>
      <trkpt lat="47.452466" lon="10.241631">
        <ele>830.7</ele>
      </trkpt>
      <trkpt lat="47.452492" lon="10.24167">
        <ele>830.5</ele>
      </trkpt>
      <trkpt lat="47.452626" lon="10.241869">
        <ele>829.7</ele>
      </trkpt>
      <trkpt lat="47.452831" lon="10.242169">
        <ele>828.7</ele>
      </trkpt>
      <trkpt lat="47.453055" lon="10.242386">
        <ele>827.3</ele>
      </trkpt>
      <trkpt lat="47.453143" lon="10.242458">
        <ele>826.7</ele>
      </trkpt>
      <trkpt lat="47.453328" lon="10.242694">
        <ele>825.5</ele>
      </trkpt>
      <trkpt lat="47.453433" lon="10.242843">
        <ele>824.8</ele>
      </trkpt>
      <trkpt lat="47.453547" lon="10.243011">
        <ele>824.0</ele>
      </trkpt>
      <trkpt lat="47.453636" lon="10.243102">
        <ele>823.3</ele>
      </trkpt>
      <trkpt lat="47.453658" lon="10.243169">
        <ele>823.2</ele>
      </trkpt>
      <trkpt lat="47.453696" lon="10.243331">
        <ele>823.2</ele>
      </trkpt>
      <trkpt lat="47.453861" lon="10.243523">
        <ele>822.5</ele>
      </trkpt>
      <trkpt lat="47.453983" lon="10.243677">
        <ele>822.0</ele>
      </trkpt>
      <trkpt lat="47.454064" lon="10.243818">
        <ele>821.7</ele>
      </trkpt>
      <trkpt lat="47.454101" lon="10.243872">
        <ele>821.6</ele>
      </trkpt>
      <trkpt lat="47.454112" lon="10.243889">
        <ele>821.5</ele>
      </trkpt>
      <trkpt lat="47.454162" lon="10.244018">
        <ele>821.4</ele>
      </trkpt>
      <trkpt lat="47.454202" lon="10.24416">
        <ele>821.4</ele>
      </trkpt>
      <trkpt lat="47.454251" lon="10.244282">
        <ele>821.3</ele>
      </trkpt>
      <trkpt lat="47.454287" lon="10.244332">
        <ele>821.3</ele>
      </trkpt>
      <trkpt lat="47.454338" lon="10.244402">
        <ele>821.2</ele>
      </trkpt>
      <trkpt lat="47.454479" lon="10.244549">
        <ele>820.8</ele>
      </trkpt>
      <trkpt lat="47.454524" lon="10.24462">
        <ele>820.7</ele>
      </trkpt>
      <trkpt lat="47.454546" lon="10.24467">
        <ele>820.7</ele>
      </trkpt>
      <trkpt lat="47.454559" lon="10.24467">
        <ele>820.6</ele>
      </trkpt>
      <trkpt lat="47.454594" lon="10.24467">
        <ele>820.4</ele>
      </trkpt>
      <trkpt lat="47.454746" lon="10.244749">
        <ele>819.7</ele>
      </trkpt>
      <trkpt lat="47.454863" lon="10.244866">
        <ele>819.2</ele>
      </trkpt>
      <trkpt lat="47.454889" lon="10.244908">
        <ele>819.2</ele>
      </trkpt>
      <trkpt lat="47.454999" lon="10.245137">
        <ele>818.8</ele>
      </trkpt>
      <trkpt lat="47.455164" lon="10.245558">
        <ele>818.0</ele>
      </trkpt>
      <trkpt lat="47.455247" lon="10.245745">
        <ele>817.3</ele>
      </trkpt>
      <trkpt lat="47.455361" lon="10.246011">
        <ele>816.2</ele>
      </trkpt>
      <trkpt lat="47.455513" lon="10.246348">
        <ele>814.8</ele>
      </trkpt>
      <trkpt lat="47.455664" lon="10.246685">
        <ele>813.7</ele>
      </trkpt>
      <trkpt lat="47.455797" lon="10.247005">
        <ele>813.0</ele>
      </trkpt>
      <trkpt lat="47.45593" lon="10.247324">
        <ele>812.6</ele>
      </trkpt>
      <trkpt lat="47.456111" lon="10.247693">
        <ele>812.5</ele>
      </trkpt>
      <trkpt lat="47.456235" lon="10.24793">
        <ele>812.5</ele>
      </trkpt>
      <trkpt lat="47.456359" lon="10.24818">
        <ele>812.6</ele>
      </trkpt>
      <trkpt lat="47.456492" lon="10.248489">
        <ele>812.6</ele>
      </trkpt>
      <trkpt lat="47.456542" lon="10.248692">
        <ele>812.2</ele>
      </trkpt>
      <trkpt lat="47.456572" lon="10.248861">
        <ele>811.9</ele>
      </trkpt>
      <trkpt lat="47.456586" lon="10.24913">
        <ele>811.3</ele>
      </trkpt>
      <trkpt lat="47.456591" lon="10.249228">
        <ele>811.1</ele>
      </trkpt>
      <trkpt lat="47.456622" lon="10.249417">
        <ele>811.0</ele>
      </trkpt>
      <trkpt lat="47.456639" lon="10.2497">
        <ele>810.5</ele>
      </trkpt>
      <trkpt lat="47.456668" lon="10.249909">
        <ele>810.4</ele>
      </trkpt>
      <trkpt lat="47.456713" lon="10.250204">
        <ele>810.0</ele>
      </trkpt>
      <trkpt lat="47.456741" lon="10.250308">
        <ele>810.0</ele>
      </trkpt>
      <trkpt lat="47.456806" lon="10.250479">
        <ele>810.1</ele>
      </trkpt>
      <trkpt lat="47.456883" lon="10.250607">
        <ele>810.4</ele>
      </trkpt>
      <trkpt lat="47.456985" lon="10.250751">
        <ele>810.4</ele>
      </trkpt>
      <trkpt lat="47.457085" lon="10.250861">
        <ele>810.3</ele>
      </trkpt>
      <trkpt lat="47.457219" lon="10.250992">
        <ele>809.8</ele>
      </trkpt>
      <trkpt lat="47.457381" lon="10.251089">
        <ele>809.0</ele>
      </trkpt>
      <trkpt lat="47.457709" lon="10.251256">
        <ele>807.4</ele>
      </trkpt>
      <trkpt lat="47.458066" lon="10.251426">
        <ele>806.0</ele>
      </trkpt>
      <trkpt lat="47.458431" lon="10.251549">
        <ele>805.0</ele>
      </trkpt>
      <trkpt lat="47.4586" lon="10.25158">
        <ele>804.7</ele>
      </trkpt>
      <trkpt lat="47.458772" lon="10.251649">
        <ele>804.1</ele>
      </trkpt>
      <trkpt lat="47.458972" lon="10.25176">
        <ele>803.4</ele>
      </trkpt>
      <trkpt lat="47.459245" lon="10.251874">
        <ele>802.7</ele>
      </trkpt>
      <trkpt lat="47.459517" lon="10.251988">
        <ele>801.8</ele>
      </trkpt>
      <trkpt lat="47.459895" lon="10.252141">
        <ele>800.5</ele>
      </trkpt>
      <trkpt lat="47.460166" lon="10.25225">
        <ele>799.4</ele>
      </trkpt>
      <trkpt lat="47.460273" lon="10.252293">
        <ele>799.0</ele>
      </trkpt>
      <trkpt lat="47.46065" lon="10.252446">
        <ele>797.4</ele>
      </trkpt>
      <trkpt lat="47.461028" lon="10.252599">
        <ele>795.8</ele>
      </trkpt>
      <trkpt lat="47.461406" lon="10.252751">
        <ele>793.7</ele>
      </trkpt>
      <trkpt lat="47.461683" lon="10.252903">
        <ele>791.6</ele>
      </trkpt>
      <trkpt lat="47.461756" lon="10.252969">
        <ele>791.1</ele>
      </trkpt>
      <trkpt lat="47.4618" lon="10.25306">
        <ele>790.7</ele>
      </trkpt>
      <trkpt lat="47.461893" lon="10.253282">
        <ele>789.9</ele>
      </trkpt>
      <trkpt lat="47.46191" lon="10.253228">
        <ele>790.0</ele>
      </trkpt>
      <trkpt lat="47.461965" lon="10.25305">
        <ele>790.4</ele>
      </trkpt>
      <trkpt lat="47.461992" lon="10.252934">
        <ele>790.7</ele>
      </trkpt>
      <trkpt lat="47.462006" lon="10.252876">
        <ele>790.8</ele>
      </trkpt>
      <trkpt lat="47.462013" lon="10.25281">
        <ele>791.0</ele>
      </trkpt>
      <trkpt lat="47.462022" lon="10.252733">
        <ele>791.2</ele>
      </trkpt>
      <trkpt lat="47.462032" lon="10.252647">
        <ele>791.5</ele>
      </trkpt>
      <trkpt lat="47.462045" lon="10.252536">
        <ele>791.9</ele>
      </trkpt>
      <trkpt lat="47.462068" lon="10.252339">
        <ele>792.8</ele>
      </trkpt>
      <trkpt lat="47.462288" lon="10.252621">
        <ele>792.6</ele>
      </trkpt>
      <trkpt lat="47.462455" lon="10.252843">
        <ele>793.8</ele>
      </trkpt>
      <trkpt lat="47.462537" lon="10.252944">
        <ele>794.6</ele>
      </trkpt>
      <trkpt lat="47.462574" lon="10.252995">
        <ele>794.9</ele>
      </trkpt>
      <trkpt lat="47.462581" lon="10.253013">
        <ele>795.0</ele>
      </trkpt>
      <trkpt lat="47.462627" lon="10.253133">
        <ele>795.0</ele>
      </trkpt>
      <trkpt lat="47.462785" lon="10.253558">
        <ele>794.1</ele>
      </trkpt>
      <trkpt lat="47.462949" lon="10.253962">
        <ele>792.5</ele>
      </trkpt>
      <trkpt lat="47.462972" lon="10.253995">
        <ele>792.4</ele>
      </trkpt>
      <trkpt lat="47.463009" lon="10.254062">
        <ele>792.2</ele>
      </trkpt>
      <trkpt lat="47.463095" lon="10.254249">
        <ele>790.8</ele>
      </trkpt>
      <trkpt lat="47.463204" lon="10.254396">
        <ele>789.6</ele>
      </trkpt>
      <trkpt lat="47.463317" lon="10.254506">
        <ele>788.5</ele>
      </trkpt>
      <trkpt lat="47.463386" lon="10.254565">
        <ele>787.8</ele>
      </trkpt>
      <trkpt lat="47.463581" lon="10.254822">
        <ele>784.7</ele>
      </trkpt>
      <trkpt lat="47.463775" lon="10.25508">
        <ele>783.1</ele>
      </trkpt>
      <trkpt lat="47.463909" lon="10.255176">
        <ele>782.9</ele>
      </trkpt>
      <trkpt lat="47.463952" lon="10.255195">
        <ele>782.9</ele>
      </trkpt>
      <trkpt lat="47.464163" lon="10.255198">
        <ele>782.8</ele>
      </trkpt>
      <trkpt lat="47.464326" lon="10.255212">
        <ele>783.1</ele>
      </trkpt>
      <trkpt lat="47.464637" lon="10.255124">
        <ele>781.9</ele>
      </trkpt>
      <trkpt lat="47.464809" lon="10.255054">
        <ele>781.2</ele>
      </trkpt>
      <trkpt lat="47.464975" lon="10.255008">
        <ele>780.9</ele>
      </trkpt>
      <trkpt lat="47.465342" lon="10.254935">
        <ele>780.0</ele>
      </trkpt>
      <trkpt lat="47.465366" lon="10.254931">
        <ele>780.0</ele>
      </trkpt>
      <trkpt lat="47.465756" lon="10.254853">
        <ele>779.7</ele>
      </trkpt>
      <trkpt lat="47.466191" lon="10.254893">
        <ele>778.7</ele>
      </trkpt>
      <trkpt lat="47.466343" lon="10.254905">
        <ele>778.1</ele>
      </trkpt>
      <trkpt lat="47.466382" lon="10.254899">
        <ele>777.9</ele>
      </trkpt>
      <trkpt lat="47.466534" lon="10.254879">
        <ele>777.3</ele>
      </trkpt>
      <trkpt lat="47.466602" lon="10.254872">
        <ele>777.1</ele>
      </trkpt>
      <trkpt lat="47.466675" lon="10.254867">
        <ele>776.8</ele>
      </trkpt>
      <trkpt lat="47.466923" lon="10.254839">
        <ele>776.0</ele>
      </trkpt>
      <trkpt lat="47.466996" lon="10.254836">
        <ele>775.8</ele>
      </trkpt>
      <trkpt lat="47.467153" lon="10.254829">
        <ele>775.4</ele>
      </trkpt>
      <trkpt lat="47.467405" lon="10.25483">
        <ele>774.7</ele>
      </trkpt>
      <trkpt lat="47.467658" lon="10.25483">
        <ele>774.2</ele>
      </trkpt>
      <trkpt lat="47.467935" lon="10.254879">
        <ele>774.0</ele>
      </trkpt>
      <trkpt lat="47.468149" lon="10.254905">
        <ele>773.9</ele>
      </trkpt>
      <trkpt lat="47.46825" lon="10.254929">
        <ele>774.0</ele>
      </trkpt>
      <trkpt lat="47.468285" lon="10.254943">
        <ele>774.0</ele>
      </trkpt>
      <trkpt lat="47.468309" lon="10.254953">
        <ele>774.0</ele>
      </trkpt>
      <trkpt lat="47.468371" lon="10.254979">
        <ele>774.0</ele>
      </trkpt>
      <trkpt lat="47.468431" lon="10.255035">
        <ele>774.1</ele>
      </trkpt>
      <trkpt lat="47.468536" lon="10.255077">
        <ele>774.6</ele>
      </trkpt>
      <trkpt lat="47.468568" lon="10.25512">
        <ele>774.7</ele>
      </trkpt>
      <trkpt lat="47.468617" lon="10.255184">
        <ele>774.8</ele>
      </trkpt>
      <trkpt lat="47.468785" lon="10.255429">
        <ele>774.9</ele>
      </trkpt>
      <trkpt lat="47.468952" lon="10.255674">
        <ele>775.1</ele>
      </trkpt>
      <trkpt lat="47.469042" lon="10.255824">
        <ele>775.0</ele>
      </trkpt>
      <trkpt lat="47.469113" lon="10.255921">
        <ele>775.0</ele>
      </trkpt>
      <trkpt lat="47.469149" lon="10.255973">
        <ele>774.9</ele>
      </trkpt>
      <trkpt lat="47.469267" lon="10.256143">
        <ele>774.1</ele>
      </trkpt>
      <trkpt lat="47.469457" lon="10.256349">
        <ele>773.7</ele>
      </trkpt>
      <trkpt lat="47.469646" lon="10.256556">
        <ele>773.0</ele>
      </trkpt>
      <trkpt lat="47.469667" lon="10.256586">
        <ele>772.8</ele>
      </trkpt>
      <trkpt lat="47.469772" lon="10.256738">
        <ele>771.5</ele>
      </trkpt>
      <trkpt lat="47.469812" lon="10.256843">
        <ele>770.5</ele>
      </trkpt>
      <trkpt lat="47.469824" lon="10.256914">
        <ele>769.8</ele>
      </trkpt>
      <trkpt lat="47.469833" lon="10.256968">
        <ele>769.5</ele>
      </trkpt>
      <trkpt lat="47.46985" lon="10.257122">
        <ele>768.8</ele>
      </trkpt>
      <trkpt lat="47.469852" lon="10.257256">
        <ele>768.5</ele>
      </trkpt>
      <trkpt lat="47.469866" lon="10.257397">
        <ele>768.3</ele>
      </trkpt>
      <trkpt lat="47.469887" lon="10.257485">
        <ele>768.2</ele>
      </trkpt>
      <trkpt lat="47.46992" lon="10.257636">
        <ele>768.2</ele>
      </trkpt>
      <trkpt lat="47.469956" lon="10.257785">
        <ele>768.2</ele>
      </trkpt>
      <trkpt lat="47.469966" lon="10.257818">
        <ele>768.2</ele>
      </trkpt>
      <trkpt lat="47.469994" lon="10.25788">
        <ele>768.3</ele>
      </trkpt>
      <trkpt lat="47.470016" lon="10.257893">
        <ele>768.4</ele>
      </trkpt>
      <trkpt lat="47.470043" lon="10.257909">
        <ele>768.6</ele>
      </trkpt>
      <trkpt lat="47.470104" lon="10.257922">
        <ele>769.1</ele>
      </trkpt>
      <trkpt lat="47.470134" lon="10.258051">
        <ele>769.1</ele>
      </trkpt>
      <trkpt lat="47.470221" lon="10.258317">
        <ele>768.9</ele>
      </trkpt>
      <trkpt lat="47.470349" lon="10.258621">
        <ele>768.8</ele>
      </trkpt>
      <trkpt lat="47.470523" lon="10.259044">
        <ele>768.5</ele>
      </trkpt>
      <trkpt lat="47.470671" lon="10.259343">
        <ele>768.6</ele>
      </trkpt>
      <trkpt lat="47.470754" lon="10.259457">
        <ele>768.9</ele>
      </trkpt>
      <trkpt lat="47.470781" lon="10.25949">
        <ele>769.0</ele>
      </trkpt>
      <trkpt lat="47.470837" lon="10.259558">
        <ele>769.1</ele>
      </trkpt>
      <trkpt lat="47.47119" lon="10.259898">
        <ele>767.6</ele>
      </trkpt>
      <trkpt lat="47.471278" lon="10.260032">
        <ele>766.6</ele>
      </trkpt>
      <trkpt lat="47.471319" lon="10.260116">
        <ele>766.5</ele>
      </trkpt>
      <trkpt lat="47.471362" lon="10.260229">
        <ele>767.1</ele>
      </trkpt>
      <trkpt lat="47.471398" lon="10.26044">
        <ele>769.0</ele>
      </trkpt>
      <trkpt lat="47.471437" lon="10.26072">
        <ele>771.5</ele>
      </trkpt>
      <trkpt lat="47.471454" lon="10.260848">
        <ele>772.5</ele>
      </trkpt>
      <trkpt lat="47.471478" lon="10.260975">
        <ele>773.3</ele>
      </trkpt>
      <trkpt lat="47.47148" lon="10.261147">
        <ele>773.6</ele>
      </trkpt>
      <trkpt lat="47.471467" lon="10.261278">
        <ele>774.1</ele>
      </trkpt>
      <trkpt lat="47.471444" lon="10.261403">
        <ele>774.5</ele>
      </trkpt>
      <trkpt lat="47.471437" lon="10.261432">
        <ele>774.6</ele>
      </trkpt>
      <trkpt lat="47.471384" lon="10.261579">
        <ele>774.2</ele>
      </trkpt>
      <trkpt lat="47.47128" lon="10.261869">
        <ele>773.5</ele>
      </trkpt>
      <trkpt lat="47.471208" lon="10.26199">
        <ele>772.2</ele>
      </trkpt>
      <trkpt lat="47.471015" lon="10.262416">
        <ele>767.8</ele>
      </trkpt>
      <trkpt lat="47.470911" lon="10.262674">
        <ele>764.8</ele>
      </trkpt>
      <trkpt lat="47.470881" lon="10.262775">
        <ele>763.8</ele>
      </trkpt>
      <trkpt lat="47.47056" lon="10.263061">
        <ele>760.5</ele>
      </trkpt>
      <trkpt lat="47.470343" lon="10.263253">
        <ele>761.9</ele>
      </trkpt>
      <trkpt lat="47.470239" lon="10.263346">
        <ele>762.5</ele>
      </trkpt>
      <trkpt lat="47.470177" lon="10.263465">
        <ele>763.2</ele>
      </trkpt>
      <trkpt lat="47.470133" lon="10.263601">
        <ele>763.7</ele>
      </trkpt>
      <trkpt lat="47.470131" lon="10.263783">
        <ele>763.5</ele>
      </trkpt>
      <trkpt lat="47.470199" lon="10.264035">
        <ele>762.3</ele>
      </trkpt>
      <trkpt lat="47.470371" lon="10.264392">
        <ele>759.8</ele>
      </trkpt>
      <trkpt lat="47.470523" lon="10.264662">
        <ele>758.4</ele>
      </trkpt>
      <trkpt lat="47.470674" lon="10.264932">
        <ele>757.6</ele>
      </trkpt>
      <trkpt lat="47.470784" lon="10.265283">
        <ele>757.3</ele>
      </trkpt>
      <trkpt lat="47.470895" lon="10.265634">
        <ele>757.1</ele>
      </trkpt>
      <trkpt lat="47.470933" lon="10.265877">
        <ele>756.9</ele>
      </trkpt>
      <trkpt lat="47.470942" lon="10.266027">
        <ele>756.8</ele>
      </trkpt>
      <trkpt lat="47.470969" lon="10.266489">
        <ele>756.7</ele>
      </trkpt>
      <trkpt lat="47.471004" lon="10.267102">
        <ele>756.6</ele>
      </trkpt>
      <trkpt lat="47.470998" lon="10.26725">
        <ele>756.5</ele>
      </trkpt>
      <trkpt lat="47.470998" lon="10.267264">
        <ele>756.5</ele>
      </trkpt>
      <trkpt lat="47.470957" lon="10.267277">
        <ele>756.7</ele>
      </trkpt>
      <trkpt lat="47.470917" lon="10.267304">
        <ele>756.8</ele>
      </trkpt>
      <trkpt lat="47.470886" lon="10.267319">
        <ele>757.0</ele>
      </trkpt>
      <trkpt lat="47.470843" lon="10.26733">
        <ele>757.1</ele>
      </trkpt>
      <trkpt lat="47.470787" lon="10.267362">
        <ele>757.3</ele>
      </trkpt>
      <trkpt lat="47.47076" lon="10.267379">
        <ele>757.4</ele>
      </trkpt>
      <trkpt lat="47.470745" lon="10.267661">
        <ele>756.8</ele>
      </trkpt>
      <trkpt lat="47.470749" lon="10.267824">
        <ele>756.4</ele>
      </trkpt>
      <trkpt lat="47.470752" lon="10.26789">
        <ele>756.3</ele>
      </trkpt>
      <trkpt lat="47.470775" lon="10.267991">
        <ele>756.0</ele>
      </trkpt>
      <trkpt lat="47.470799" lon="10.268103">
        <ele>755.7</ele>
      </trkpt>
      <trkpt lat="47.470802" lon="10.268258">
        <ele>755.3</ele>
      </trkpt>
      <trkpt lat="47.470813" lon="10.268321">
        <ele>755.2</ele>
      </trkpt>
      <trkpt lat="47.470815" lon="10.268348">
        <ele>755.2</ele>
      </trkpt>
      <trkpt lat="47.470816" lon="10.268354">
        <ele>755.2</ele>
      </trkpt>
      <trkpt lat="47.470848" lon="10.268482">
        <ele>755.1</ele>
      </trkpt>
      <trkpt lat="47.470861" lon="10.268528">
        <ele>755.0</ele>
      </trkpt>
      <trkpt lat="47.470962" lon="10.268666">
        <ele>754.9</ele>
      </trkpt>
      <trkpt lat="47.471032" lon="10.268729">
        <ele>754.8</ele>
      </trkpt>
      <trkpt lat="47.471068" lon="10.268761">
        <ele>754.8</ele>
      </trkpt>
      <trkpt lat="47.471258" lon="10.268921">
        <ele>754.8</ele>
      </trkpt>
      <trkpt lat="47.471464" lon="10.268974">
        <ele>754.6</ele>
      </trkpt>
      <trkpt lat="47.471588" lon="10.268985">
        <ele>754.5</ele>
      </trkpt>
      <trkpt lat="47.471775" lon="10.268979">
        <ele>754.4</ele>
      </trkpt>
      <trkpt lat="47.471891" lon="10.268998">
        <ele>754.2</ele>
      </trkpt>
      <trkpt lat="47.472005" lon="10.26904">
        <ele>754.0</ele>
      </trkpt>
      <trkpt lat="47.47207" lon="10.26909">
        <ele>753.8</ele>
      </trkpt>
      <trkpt lat="47.472121" lon="10.269225">
        <ele>753.6</ele>
      </trkpt>
      <trkpt lat="47.47213" lon="10.269339">
        <ele>753.5</ele>
      </trkpt>
      <trkpt lat="47.472122" lon="10.269487">
        <ele>753.3</ele>
      </trkpt>
      <trkpt lat="47.47209" lon="10.269753">
        <ele>753.3</ele>
      </trkpt>
      <trkpt lat="47.472034" lon="10.270051">
        <ele>753.2</ele>
      </trkpt>
      <trkpt lat="47.472014" lon="10.270166">
        <ele>753.1</ele>
      </trkpt>
      <trkpt lat="47.471989" lon="10.270329">
        <ele>753.1</ele>
      </trkpt>
      <trkpt lat="47.471967" lon="10.270618">
        <ele>753.0</ele>
      </trkpt>
      <trkpt lat="47.471952" lon="10.270975">
        <ele>753.0</ele>
      </trkpt>
      <trkpt lat="47.471957" lon="10.271309">
        <ele>752.6</ele>
      </trkpt>
      <trkpt lat="47.471982" lon="10.27157">
        <ele>752.5</ele>
      </trkpt>
      <trkpt lat="47.47205" lon="10.271765">
        <ele>752.3</ele>
      </trkpt>
      <trkpt lat="47.472091" lon="10.271881">
        <ele>752.1</ele>
      </trkpt>
      <trkpt lat="47.472216" lon="10.272333">
        <ele>750.8</ele>
      </trkpt>
      <trkpt lat="47.472273" lon="10.272327">
        <ele>751.1</ele>
      </trkpt>
      <trkpt lat="47.472301" lon="10.272324">
        <ele>751.4</ele>
      </trkpt>
      <trkpt lat="47.472362" lon="10.272355">
        <ele>751.6</ele>
      </trkpt>
      <trkpt lat="47.472414" lon="10.272382">
        <ele>751.6</ele>
      </trkpt>
      <trkpt lat="47.472456" lon="10.2724">
        <ele>751.7</ele>
      </trkpt>
      <trkpt lat="47.472495" lon="10.272416">
        <ele>751.8</ele>
      </trkpt>
      <trkpt lat="47.472584" lon="10.272496">
        <ele>752.2</ele>
      </trkpt>
      <trkpt lat="47.472713" lon="10.272679">
        <ele>752.6</ele>
      </trkpt>
      <trkpt lat="47.472847" lon="10.272797">
        <ele>752.7</ele>
      </trkpt>
      <trkpt lat="47.473013" lon="10.272876">
        <ele>752.8</ele>
      </trkpt>
      <trkpt lat="47.473228" lon="10.272993">
        <ele>752.7</ele>
      </trkpt>
      <trkpt lat="47.473474" lon="10.273101">
        <ele>752.9</ele>
      </trkpt>
      <trkpt lat="47.47382" lon="10.2732">
        <ele>752.7</ele>
      </trkpt>
      <trkpt lat="47.474024" lon="10.273224">
        <ele>752.2</ele>
      </trkpt>
      <trkpt lat="47.474186" lon="10.273237">
        <ele>751.6</ele>
      </trkpt>
      <trkpt lat="47.474329" lon="10.273214">
        <ele>751.4</ele>
      </trkpt>
      <trkpt lat="47.474562" lon="10.27315">
        <ele>750.7</ele>
      </trkpt>
      <trkpt lat="47.474674" lon="10.273129">
        <ele>750.1</ele>
      </trkpt>
      <trkpt lat="47.474789" lon="10.273064">
        <ele>750.2</ele>
      </trkpt>
      <trkpt lat="47.474965" lon="10.272893">
        <ele>750.1</ele>
      </trkpt>
      <trkpt lat="47.475091" lon="10.27276">
        <ele>749.9</ele>
      </trkpt>
      <trkpt lat="47.475249" lon="10.27251">
        <ele>749.9</ele>
      </trkpt>
      <trkpt lat="47.47548" lon="10.272117">
        <ele>750.0</ele>
      </trkpt>
      <trkpt lat="47.47571" lon="10.271724">
        <ele>749.4</ele>
      </trkpt>
      <trkpt lat="47.47592" lon="10.271344">
        <ele>749.2</ele>
      </trkpt>
      <trkpt lat="47.476017" lon="10.271176">
        <ele>749.6</ele>
      </trkpt>
      <trkpt lat="47.476164" lon="10.270921">
        <ele>750.6</ele>
      </trkpt>
      <trkpt lat="47.476175" lon="10.270901">
        <ele>750.7</ele>
      </trkpt>
      <trkpt lat="47.476406" lon="10.270538">
        <ele>750.7</ele>
      </trkpt>
      <trkpt lat="47.47654" lon="10.270368">
        <ele>750.4</ele>
      </trkpt>
      <trkpt lat="47.476668" lon="10.27026">
        <ele>750.3</ele>
      </trkpt>
      <trkpt lat="47.476874" lon="10.270166">
        <ele>750.1</ele>
      </trkpt>
      <trkpt lat="47.477247" lon="10.270006">
        <ele>748.8</ele>
      </trkpt>
      <trkpt lat="47.477612" lon="10.269892">
        <ele>750.0</ele>
      </trkpt>
      <trkpt lat="47.477908" lon="10.269836">
        <ele>750.0</ele>
      </trkpt>
      <trkpt lat="47.478204" lon="10.269781">
        <ele>749.7</ele>
      </trkpt>
      <trkpt lat="47.478629" lon="10.269726">
        <ele>749.3</ele>
      </trkpt>
      <trkpt lat="47.479053" lon="10.26967">
        <ele>748.8</ele>
      </trkpt>
      <trkpt lat="47.479199" lon="10.269627">
        <ele>748.7</ele>
      </trkpt>
      <trkpt lat="47.479292" lon="10.2696">
        <ele>748.6</ele>
      </trkpt>
      <trkpt lat="47.479696" lon="10.269417">
        <ele>748.6</ele>
      </trkpt>
      <trkpt lat="47.479882" lon="10.269333">
        <ele>748.3</ele>
      </trkpt>
      <trkpt lat="47.480129" lon="10.269204">
        <ele>748.2</ele>
      </trkpt>
      <trkpt lat="47.480377" lon="10.269075">
        <ele>748.0</ele>
      </trkpt>
      <trkpt lat="47.480631" lon="10.26892">
        <ele>747.8</ele>
      </trkpt>
      <trkpt lat="47.480886" lon="10.268765">
        <ele>747.6</ele>
      </trkpt>
      <trkpt lat="47.481238" lon="10.268507">
        <ele>747.7</ele>
      </trkpt>
      <trkpt lat="47.481591" lon="10.268249">
        <ele>747.6</ele>
      </trkpt>
      <trkpt lat="47.481943" lon="10.267992">
        <ele>746.5</ele>
      </trkpt>
      <trkpt lat="47.482181" lon="10.267887">
        <ele>746.1</ele>
      </trkpt>
      <trkpt lat="47.482263" lon="10.26785">
        <ele>745.8</ele>
      </trkpt>
      <trkpt lat="47.482269" lon="10.267838">
        <ele>745.8</ele>
      </trkpt>
      <trkpt lat="47.482311" lon="10.267749">
        <ele>746.1</ele>
      </trkpt>
      <trkpt lat="47.482343" lon="10.267662">
        <ele>746.5</ele>
      </trkpt>
      <trkpt lat="47.48239" lon="10.267539">
        <ele>746.9</ele>
      </trkpt>
      <trkpt lat="47.4824" lon="10.267475">
        <ele>747.2</ele>
      </trkpt>
      <trkpt lat="47.48241" lon="10.267403">
        <ele>747.5</ele>
      </trkpt>
      <trkpt lat="47.482422" lon="10.267332">
        <ele>747.9</ele>
      </trkpt>
      <trkpt lat="47.482443" lon="10.267272">
        <ele>748.6</ele>
      </trkpt>
      <trkpt lat="47.482464" lon="10.267228">
        <ele>749.3</ele>
      </trkpt>
      <trkpt lat="47.482553" lon="10.267123">
        <ele>751.7</ele>
      </trkpt>
      <trkpt lat="47.482647" lon="10.267093">
        <ele>752.4</ele>
      </trkpt>
      <trkpt lat="47.482735" lon="10.267085">
        <ele>752.6</ele>
      </trkpt>
      <trkpt lat="47.483106" lon="10.267089">
        <ele>753.0</ele>
      </trkpt>
      <trkpt lat="47.48342" lon="10.267127">
        <ele>755.0</ele>
      </trkpt>
      <trkpt lat="47.483768" lon="10.267239">
        <ele>755.4</ele>
      </trkpt>
      <trkpt lat="47.483951" lon="10.267392">
        <ele>752.2</ele>
      </trkpt>
      <trkpt lat="47.483989" lon="10.267404">
        <ele>752.4</ele>
      </trkpt>
      <trkpt lat="47.484181" lon="10.267547">
        <ele>749.2</ele>
      </trkpt>
      <trkpt lat="47.484262" lon="10.267567">
        <ele>749.3</ele>
      </trkpt>
      <trkpt lat="47.484351" lon="10.26759">
        <ele>749.8</ele>
      </trkpt>
      <trkpt lat="47.484407" lon="10.267592">
        <ele>750.5</ele>
      </trkpt>
      <trkpt lat="47.4844" lon="10.267632">
        <ele>748.8</ele>
      </trkpt>
      <trkpt lat="47.484394" lon="10.267667">
        <ele>747.3</ele>
      </trkpt>
      <trkpt lat="47.484388" lon="10.267707">
        <ele>745.5</ele>
      </trkpt>
      <trkpt lat="47.484357" lon="10.267889">
        <ele>744.1</ele>
      </trkpt>
      <trkpt lat="47.484355" lon="10.267904">
        <ele>744.1</ele>
      </trkpt>
      <trkpt lat="47.484344" lon="10.268018">
        <ele>744.1</ele>
      </trkpt>
      <trkpt lat="47.484321" lon="10.268247">
        <ele>744.8</ele>
      </trkpt>
      <trkpt lat="47.484314" lon="10.268316">
        <ele>746.5</ele>
      </trkpt>
      <trkpt lat="47.484312" lon="10.268339">
        <ele>747.0</ele>
      </trkpt>
      <trkpt lat="47.4843" lon="10.268375">
        <ele>747.9</ele>
      </trkpt>
      <trkpt lat="47.48429" lon="10.268405">
        <ele>747.8</ele>
      </trkpt>
      <trkpt lat="47.4843" lon="10.268375">
        <ele>747.9</ele>
      </trkpt>
      <trkpt lat="47.484348" lon="10.268395">
        <ele>748.4</ele>
      </trkpt>
      <trkpt lat="47.484617" lon="10.268496">
        <ele>748.8</ele>
      </trkpt>
      <trkpt lat="47.484886" lon="10.268596">
        <ele>748.7</ele>
      </trkpt>
      <trkpt lat="47.485173" lon="10.268642">
        <ele>748.1</ele>
      </trkpt>
      <trkpt lat="47.485482" lon="10.268662">
        <ele>748.0</ele>
      </trkpt>
      <trkpt lat="47.485791" lon="10.268681">
        <ele>747.7</ele>
      </trkpt>
      <trkpt lat="47.4861" lon="10.268701">
        <ele>747.2</ele>
      </trkpt>
      <trkpt lat="47.486415" lon="10.26867">
        <ele>747.2</ele>
      </trkpt>
      <trkpt lat="47.486425" lon="10.268669">
        <ele>747.2</ele>
      </trkpt>
      <trkpt lat="47.486667" lon="10.268631">
        <ele>747.1</ele>
      </trkpt>
      <trkpt lat="47.486908" lon="10.268592">
        <ele>746.7</ele>
      </trkpt>
      <trkpt lat="47.487345" lon="10.268564">
        <ele>746.6</ele>
      </trkpt>
      <trkpt lat="47.487675" lon="10.26852">
        <ele>746.6</ele>
      </trkpt>
      <trkpt lat="47.488005" lon="10.268475">
        <ele>746.7</ele>
      </trkpt>
      <trkpt lat="47.488322" lon="10.268409">
        <ele>746.9</ele>
      </trkpt>
      <trkpt lat="47.48864" lon="10.268344">
        <ele>747.5</ele>
      </trkpt>
      <trkpt lat="47.488957" lon="10.268278">
        <ele>744.9</ele>
      </trkpt>
      <trkpt lat="47.489103" lon="10.268258">
        <ele>745.0</ele>
      </trkpt>
      <trkpt lat="47.489501" lon="10.268207">
        <ele>745.0</ele>
      </trkpt>
      <trkpt lat="47.489601" lon="10.268204">
        <ele>745.1</ele>
      </trkpt>
      <trkpt lat="47.489845" lon="10.268199">
        <ele>745.3</ele>
      </trkpt>
      <trkpt lat="47.490189" lon="10.268192">
        <ele>745.5</ele>
      </trkpt>
      <trkpt lat="47.490487" lon="10.268204">
        <ele>745.5</ele>
      </trkpt>
      <trkpt lat="47.490785" lon="10.268217">
        <ele>745.0</ele>
      </trkpt>
      <trkpt lat="47.491225" lon="10.268177">
        <ele>744.7</ele>
      </trkpt>
      <trkpt lat="47.491457" lon="10.268155">
        <ele>744.77099</ele>
      </trkpt>
      <trkpt lat="47.491665" lon="10.268136">
        <ele>745.0</ele>
      </trkpt>
      <trkpt lat="47.491913" lon="10.268131">
        <ele>745.2</ele>
      </trkpt>
      <trkpt lat="47.4922" lon="10.268171">
        <ele>745.3</ele>
      </trkpt>
      <trkpt lat="47.492312" lon="10.268194">
        <ele>745.2</ele>
      </trkpt>
      <trkpt lat="47.492397" lon="10.268258">
        <ele>745.1</ele>
      </trkpt>
      <trkpt lat="47.49249" lon="10.26838">
        <ele>744.8</ele>
      </trkpt>
      <trkpt lat="47.49266" lon="10.26869">
        <ele>743.9</ele>
      </trkpt>
      <trkpt lat="47.492749" lon="10.268862">
        <ele>743.5</ele>
      </trkpt>
      <trkpt lat="47.492772" lon="10.268906">
        <ele>743.4</ele>
      </trkpt>
      <trkpt lat="47.492797" lon="10.268953">
        <ele>743.3</ele>
      </trkpt>
      <trkpt lat="47.492913" lon="10.269038">
        <ele>743.1</ele>
      </trkpt>
      <trkpt lat="47.492991" lon="10.269022">
        <ele>743.1</ele>
      </trkpt>
      <trkpt lat="47.4931" lon="10.268987">
        <ele>743.1</ele>
      </trkpt>
      <trkpt lat="47.493298" lon="10.268923">
        <ele>743.1</ele>
      </trkpt>
      <trkpt lat="47.493433" lon="10.268892">
        <ele>743.8</ele>
      </trkpt>
      <trkpt lat="47.493558" lon="10.268941">
        <ele>744.2</ele>
      </trkpt>
      <trkpt lat="47.493701" lon="10.26907">
        <ele>744.4</ele>
      </trkpt>
      <trkpt lat="47.493803" lon="10.269196">
        <ele>744.5</ele>
      </trkpt>
      <trkpt lat="47.493864" lon="10.269322">
        <ele>745.2</ele>
      </trkpt>
      <trkpt lat="47.493878" lon="10.269349">
        <ele>745.4</ele>
      </trkpt>
      <trkpt lat="47.493913" lon="10.269455">
        <ele>745.9</ele>
      </trkpt>
      <trkpt lat="47.494023" lon="10.269777">
        <ele>745.5</ele>
      </trkpt>
      <trkpt lat="47.494142" lon="10.270112">
        <ele>744.7</ele>
      </trkpt>
      <trkpt lat="47.494154" lon="10.270147">
        <ele>744.6</ele>
      </trkpt>
      <trkpt lat="47.494255" lon="10.270412">
        <ele>744.6</ele>
      </trkpt>
      <trkpt lat="47.494402" lon="10.270825">
        <ele>744.3</ele>
      </trkpt>
      <trkpt lat="47.494591" lon="10.271252">
        <ele>744.4</ele>
      </trkpt>
      <trkpt lat="47.494705" lon="10.271497">
        <ele>744.5</ele>
      </trkpt>
      <trkpt lat="47.494738" lon="10.271552">
        <ele>744.5</ele>
      </trkpt>
      <trkpt lat="47.494998" lon="10.271942">
        <ele>743.7</ele>
      </trkpt>
      <trkpt lat="47.4952" lon="10.272445">
        <ele>743.8</ele>
      </trkpt>
      <trkpt lat="47.495375" lon="10.272958">
        <ele>745.9</ele>
      </trkpt>
      <trkpt lat="47.495587" lon="10.273365">
        <ele>746.1</ele>
      </trkpt>
      <trkpt lat="47.49584" lon="10.273662">
        <ele>745.0</ele>
      </trkpt>
      <trkpt lat="47.495927" lon="10.273767">
        <ele>744.2</ele>
      </trkpt>
      <trkpt lat="47.495947" lon="10.273791">
        <ele>743.9</ele>
      </trkpt>
      <trkpt lat="47.496143" lon="10.273978">
        <ele>743.5</ele>
      </trkpt>
      <trkpt lat="47.496338" lon="10.274165">
        <ele>743.1</ele>
      </trkpt>
      <trkpt lat="47.496499" lon="10.274377">
        <ele>743.1</ele>
      </trkpt>
      <trkpt lat="47.496501" lon="10.274379">
        <ele>743.1</ele>
      </trkpt>
      <trkpt lat="47.496679" lon="10.274629">
        <ele>743.4</ele>
      </trkpt>
      <trkpt lat="47.497007" lon="10.27504">
        <ele>742.2</ele>
      </trkpt>
      <trkpt lat="47.497305" lon="10.275327">
        <ele>741.5</ele>
      </trkpt>
      <trkpt lat="47.497561" lon="10.27545">
        <ele>741.3</ele>
      </trkpt>
      <trkpt lat="47.497795" lon="10.275502">
        <ele>741.2</ele>
      </trkpt>
      <trkpt lat="47.498064" lon="10.275665">
        <ele>741.1</ele>
      </trkpt>
      <trkpt lat="47.498233" lon="10.27566">
        <ele>741.0</ele>
      </trkpt>
      <trkpt lat="47.498353" lon="10.27562">
        <ele>741.0</ele>
      </trkpt>
      <trkpt lat="47.498493" lon="10.275532">
        <ele>741.0</ele>
      </trkpt>
      <trkpt lat="47.498662" lon="10.275435">
        <ele>740.9</ele>
      </trkpt>
      <trkpt lat="47.498845" lon="10.275329">
        <ele>740.8</ele>
      </trkpt>
      <trkpt lat="47.499015" lon="10.275223">
        <ele>740.7</ele>
      </trkpt>
      <trkpt lat="47.499175" lon="10.275089">
        <ele>740.6</ele>
      </trkpt>
      <trkpt lat="47.499213" lon="10.275062">
        <ele>740.5</ele>
      </trkpt>
      <trkpt lat="47.499527" lon="10.274763">
        <ele>740.3</ele>
      </trkpt>
      <trkpt lat="47.499703" lon="10.274582">
        <ele>739.8</ele>
      </trkpt>
      <trkpt lat="47.499844" lon="10.274415">
        <ele>740.0</ele>
      </trkpt>
      <trkpt lat="47.500016" lon="10.274187">
        <ele>740.2</ele>
      </trkpt>
      <trkpt lat="47.500054" lon="10.274138">
        <ele>740.2</ele>
      </trkpt>
      <trkpt lat="47.500189" lon="10.273958">
        <ele>740.4</ele>
      </trkpt>
      <trkpt lat="47.500304" lon="10.273797">
        <ele>740.2</ele>
      </trkpt>
      <trkpt lat="47.500378" lon="10.273723">
        <ele>740.1</ele>
      </trkpt>
      <trkpt lat="47.500424" lon="10.273697">
        <ele>740.2</ele>
      </trkpt>
      <trkpt lat="47.50055" lon="10.273659">
        <ele>740.3</ele>
      </trkpt>
      <trkpt lat="47.500717" lon="10.273628">
        <ele>740.2</ele>
      </trkpt>
      <trkpt lat="47.500754" lon="10.273635">
        <ele>740.2</ele>
      </trkpt>
      <trkpt lat="47.50084" lon="10.273663">
        <ele>740.3</ele>
      </trkpt>
      <trkpt lat="47.500898" lon="10.273688">
        <ele>740.4</ele>
      </trkpt>
      <trkpt lat="47.500996" lon="10.273748">
        <ele>740.5</ele>
      </trkpt>
      <trkpt lat="47.501102" lon="10.273805">
        <ele>740.3</ele>
      </trkpt>
      <trkpt lat="47.501249" lon="10.273895">
        <ele>739.8</ele>
      </trkpt>
      <trkpt lat="47.501387" lon="10.274023">
        <ele>739.6</ele>
      </trkpt>
      <trkpt lat="47.501432" lon="10.274312">
        <ele>740.0</ele>
      </trkpt>
      <trkpt lat="47.501454" lon="10.27439">
        <ele>740.0</ele>
      </trkpt>
      <trkpt lat="47.501465" lon="10.274431">
        <ele>739.9</ele>
      </trkpt>
      <trkpt lat="47.501495" lon="10.274623">
        <ele>739.8</ele>
      </trkpt>
      <trkpt lat="47.501535" lon="10.27493">
        <ele>739.4</ele>
      </trkpt>
      <trkpt lat="47.501572" lon="10.275241">
        <ele>739.3</ele>
      </trkpt>
      <trkpt lat="47.501602" lon="10.275387">
        <ele>739.0</ele>
      </trkpt>
      <trkpt lat="47.501648" lon="10.275531">
        <ele>739.0</ele>
      </trkpt>
      <trkpt lat="47.501716" lon="10.275682">
        <ele>739.1</ele>
      </trkpt>
      <trkpt lat="47.501871" lon="10.276001">
        <ele>739.3</ele>
      </trkpt>
      <trkpt lat="47.501903" lon="10.276067">
        <ele>739.3</ele>
      </trkpt>
      <trkpt lat="47.50207" lon="10.276452">
        <ele>739.4</ele>
      </trkpt>
      <trkpt lat="47.502177" lon="10.276703">
        <ele>739.4</ele>
      </trkpt>
      <trkpt lat="47.502181" lon="10.276713">
        <ele>739.4</ele>
      </trkpt>
      <trkpt lat="47.50227" lon="10.276937">
        <ele>739.5</ele>
      </trkpt>
      <trkpt lat="47.502401" lon="10.27726">
        <ele>739.7</ele>
      </trkpt>
      <trkpt lat="47.502532" lon="10.277583">
        <ele>739.2</ele>
      </trkpt>
      <trkpt lat="47.502687" lon="10.277918">
        <ele>738.3</ele>
      </trkpt>
      <trkpt lat="47.502735" lon="10.278014">
        <ele>738.1</ele>
      </trkpt>
      <trkpt lat="47.502794" lon="10.278099">
        <ele>738.1</ele>
      </trkpt>
      <trkpt lat="47.502847" lon="10.278175">
        <ele>738.2</ele>
      </trkpt>
      <trkpt lat="47.503066" lon="10.278112">
        <ele>738.2</ele>
      </trkpt>
      <trkpt lat="47.503162" lon="10.278122">
        <ele>738.3</ele>
      </trkpt>
      <trkpt lat="47.503258" lon="10.278155">
        <ele>738.4</ele>
      </trkpt>
      <trkpt lat="47.503332" lon="10.278206">
        <ele>738.6</ele>
      </trkpt>
      <trkpt lat="47.503361" lon="10.278226">
        <ele>738.6</ele>
      </trkpt>
      <trkpt lat="47.503411" lon="10.278327">
        <ele>738.8</ele>
      </trkpt>
      <trkpt lat="47.503455" lon="10.278456">
        <ele>739.0</ele>
      </trkpt>
      <trkpt lat="47.503456" lon="10.278483">
        <ele>739.0</ele>
      </trkpt>
      <trkpt lat="47.503236" lon="10.278718">
        <ele>739.11984</ele>
      </trkpt>
    </trkseg>
  </trk>
</gpx>